speed,Distance to intersection,Latency,label
38.67875362,14.56762906,115.5467779,1
33.94346868,21.16414957,193.3922629,0
38.91404818,19.38173154,169.440594,0
36.50134512,2.17657513,114.4393011,1
22.80954376,3.00723864,176.946054,1
40.73154437,4.13631552,142.14958,1
43.29420341,13.26807421,178.6096708,1
20.57439174,7.11715138,104.8177085,1
29.76562233,23.79396629,186.6523903,1
35.59962789,21.65069508,144.0819377,1
30.6990618,2.35447546,185.6396191,1
32.5953203,11.73819233,115.4449304,1
29.24270262,6.38499107,155.9772284,1
35.4551969,3.09836213,151.5566258,1
30.60349944,15.04983629,139.4665475,1
25.35513769,7.56637272,135.8277432,1
47.89363174,21.8667322,140.7161272,1
49.7860521,21.4440412,167.0078304,1
30.60012302,19.03698242,152.2177302,0
42.4333666,17.53256765,134.6785686,0
39.31989819,17.24413883,139.6628298,0
41.18784659,23.24750631,193.6215018,0
49.37377779,3.58959017,156.3212907,1
38.44946429,13.6361028,111.5040816,1
37.28976142,4.01304995,174.6762939,1
22.44059218,23.80667856,165.2331461,1
33.97694295,10.31171225,127.7190131,1
25.87886114,24.55278296,171.313415,1
36.97827323,8.23360699,151.5489132,1
30.12898532,14.31666813,146.321832,0
44.20933082,20.32558911,107.6883509,1
40.5923649,4.22612199,189.8101371,1
23.33839658,3.24652444,136.0090418,1
43.79012327,12.96082838,194.453771,0
43.8597289,2.13747685,167.4738002,1
28.85050572,21.08367707,142.5096084,0
25.88884434,5.89556086,191.1866331,1
42.59947141,12.13883286,133.2080164,0
28.9568222,7.56992302,140.7568893,1
45.61055463,3.64962363,182.0676831,1
31.54337511,6.97425343,174.4301487,1
22.91009043,15.68012942,136.2545655,1
22.83722976,20.69139936,106.3336606,0
31.82380558,16.7902272,131.546536,1
34.64613689,9.81953553,180.9262324,1
47.19499231,11.22839195,197.1197701,1
32.00687702,23.66445099,138.6841441,1
44.45204553,9.58625129,125.8490582,1
33.87252056,23.07974719,118.2172393,1
35.20821336,4.89215879,181.7568325,1
44.09693547,13.23082841,174.8289748,1
29.20658017,22.95946721,122.2941169,1
49.38526726,20.51987436,165.5328413,0
48.66708851,13.8802719,142.4783452,1
45.86916313,5.36806353,125.6195,1
41.06294268,20.60785015,187.2436798,0
22.52022992,14.91588423,190.2802047,1
24.38011252,18.22595366,129.2810463,1
40.93310274,8.30645689,108.6604228,1
31.23501936,12.78974914,123.3096231,1
23.19119648,14.84448895,123.4399251,0
20.9463496,17.33875008,140.2113905,1
30.00090771,23.91144898,197.7684108,0
37.9374994,6.90179959,109.9168014,1
20.6136712,18.36228328,108.5534037,1
46.17575617,23.44323798,132.2700448,1
39.32142707,15.1581903,136.5259556,1
30.95703077,19.22707017,125.6583318,1
25.39568515,9.14286425,101.0450771,1
38.7648754,3.10080484,150.5156766,1
47.76766978,5.38262129,182.1656759,1
27.96948242,11.15875028,134.0339746,0
23.72088511,13.70143437,161.7428372,1
36.0706161,22.80646111,187.0262176,0
27.97882269,3.78480473,173.5862827,1
31.21551089,5.45168188,115.5303546,1
47.83910705,24.52231294,161.5301775,1
28.20775166,11.08645373,142.6671486,1
35.39117232,6.81591913,120.9014019,1
24.37702054,20.16130891,189.8133325,1
42.52136637,13.38834804,163.2855866,1
23.95334949,5.36808956,116.0852148,1
47.07893042,14.56069003,121.7142872,1
45.33428375,19.17452422,153.4358441,0
25.70321986,4.11536517,165.7836066,1
40.1594759,11.2499547,117.2513412,1
45.78096435,6.22104674,148.9241013,1
46.97706499,10.66121846,126.6248989,0
44.89575152,18.8509469,175.6498805,0
43.45462304,22.37500908,152.4235739,1
33.00871323,3.57737288,194.8596595,1
43.23248796,2.46641081,196.1234303,1
22.02731163,3.86561648,156.884611,1
35.68671175,10.80356612,150.6240962,1
33.89044471,2.53293892,177.1259204,1
40.24185295,2.18196534,145.5698825,1
46.72450111,17.13007921,180.653146,0
26.42074294,15.82681071,173.2603759,0
45.85747403,24.36306396,165.2595681,1
20.68533781,2.3501757,148.0552506,1
45.16544747,17.88746667,132.5617117,0
39.84371596,17.26687411,128.8895754,0
20.20637601,6.67306551,166.7812567,1
41.77184664,10.6391895,121.6778304,1
26.55462972,8.28637703,100.7364898,1
42.95732726,18.22537227,161.6288264,1
23.82359781,12.11025873,111.9717123,1
36.64523019,7.45883098,150.4933676,1
46.9122466,8.99641548,186.612583,0
33.41389778,6.38003285,108.9800333,1
35.56208391,18.75872125,147.2397431,1
23.17511933,5.39525939,147.1246374,1
29.68208772,18.11062443,127.3984322,1
30.4335252,9.55906543,175.3802794,1
48.85026633,5.79038673,185.4309067,1
32.53258151,5.6383479,162.9470741,1
34.62853305,11.2756577,172.6389905,1
33.0591782,10.26391681,181.4125817,1
34.66910801,7.92583977,145.6814416,1
41.92191875,18.1012114,123.0063949,1
21.56993783,22.88126891,132.7852087,1
28.81089737,2.11256598,112.5702931,1
44.27258571,15.16199555,106.047558,0
48.59853932,20.71313664,129.909751,0
25.47391195,9.52051104,151.4978927,1
30.26412018,20.83972823,110.0470994,0
40.57578993,23.70694437,131.5358953,1
43.32160922,2.05682433,174.3237982,1
42.09307698,12.02394601,116.064732,1
30.47317316,3.34531984,106.0672008,1
39.43243739,11.0168873,196.8520259,1
45.53880906,14.17345798,192.3806507,1
22.94869855,14.35266781,104.5093054,1
34.25902664,12.25209776,163.1844963,1
49.94379367,23.41280612,112.5707443,1
40.93466808,10.88480537,197.7776403,1
32.07838983,22.881241,180.5429187,1
21.65993648,17.80131731,160.2750975,0
24.952702,4.82587572,131.3794753,1
31.93796972,10.8981235,123.5986915,1
37.7130363,5.17165072,181.7967592,1
42.27133864,9.91106682,192.3049658,0
48.76812502,12.59636303,151.6645741,1
23.32464201,21.74415032,110.5762317,0
36.34363048,13.96483284,170.9196539,0
24.37141292,15.03599225,134.4592736,0
21.27466957,16.87844114,174.6184868,0
40.16620657,17.59341108,106.0891644,1
48.57419948,16.99855522,156.7817415,1
25.79200966,22.65855937,161.0446162,0
44.61698558,2.83354065,110.5317588,1
46.02986136,13.83035819,108.1598029,1
30.88011017,21.56907679,101.2435957,1
24.14386979,20.99303628,123.6231262,0
35.329457,9.13994523,157.9291285,1
39.02663785,19.13524587,176.4290981,1
37.20593683,17.53682249,127.3119487,0
24.99497056,16.00673249,111.245632,1
20.14048399,14.55873137,163.0064677,0
39.58610293,3.17050249,142.7027934,1
38.26709559,22.95587663,112.3991317,0
31.42105869,22.32311367,159.1544862,0
32.9484229,7.91396001,190.7078474,1
27.94936066,4.80618504,169.3839028,1
36.30837571,24.54986643,167.8020498,1
28.92974452,17.15149304,131.9607307,1
35.4102166,22.04201461,147.2315553,1
37.65418544,5.7017483,185.3633342,1
36.25802801,2.9120574,190.271484,1
21.24437724,19.18914919,159.3006652,0
47.0657253,22.29087224,195.0712431,0
25.60897675,13.49213949,182.1639744,0
33.1300565,19.95703924,192.6504612,0
31.19944056,9.52432717,174.936493,1
40.02040955,16.88770166,148.2566047,1
25.9667382,16.73490578,136.5296089,0
34.89516073,12.98414142,101.3037032,1
49.0845484,18.63674887,159.2950028,1
38.84345962,12.35998722,135.2922868,1
31.77540245,13.80619002,125.441071,1
25.6737152,24.18425939,163.0976757,1
36.00316155,10.98852629,114.6794916,1
34.32355403,15.93827856,162.219934,0
30.32095601,6.18129699,107.5688861,1
36.10306739,19.574372,122.7651548,0
41.84576067,17.08949786,107.2906284,0
49.95954544,23.43182968,145.1469998,1
21.82904758,3.99996776,106.8865356,1
39.10173417,7.80951056,182.0509531,1
34.2823754,11.76306839,144.6789824,1
45.79684728,4.65671632,182.8110571,1
27.32501797,6.68201497,125.3825259,1
29.05297692,4.78162997,135.1232682,1
25.26517514,19.00684181,122.7042753,0
36.95052051,6.81490236,120.5957637,1
28.95953225,15.00163355,183.6752816,0
31.52444484,7.56205006,136.4335628,1
25.22799952,18.95743987,175.6784703,0
36.46112081,17.50981624,144.1402008,0
40.30335285,13.66075385,137.7968684,0
29.73677767,16.9362973,199.6882421,1
28.9476076,5.51736931,117.8101095,1
42.91004434,12.55021128,109.2857411,1
39.92133942,14.97076271,146.3086484,1
22.7611249,10.14881813,191.9271801,0
31.9952775,15.79139233,169.791158,0
43.75248479,10.81912502,133.5821788,1
22.47211516,11.5069341,161.5112552,0
42.03015016,2.93134407,170.597244,1
29.48320075,8.80063302,168.4814493,1
25.69661182,22.86905691,114.9571221,1
39.69153846,9.61109058,119.4161303,1
49.473393,3.36501845,183.7426139,1
43.77657551,24.64532134,183.1174582,1
32.99410747,2.76149559,117.1991555,1
32.85192372,19.70889962,113.4348387,1
21.26443574,13.97398526,132.4105341,0
39.08114283,17.34668143,176.8969562,0
34.67239016,18.63624079,135.5279105,0
25.15589345,22.50918171,199.5378168,0
24.11792734,6.08102493,101.2078798,1
20.1487881,19.35749128,140.0351528,0
45.31510007,17.29089035,116.1752703,0
42.63138954,3.50434474,167.1442981,1
24.06009643,8.16998765,132.0586045,1
27.04744063,24.63377967,156.6050636,1
36.51064223,5.08056031,178.392538,1
41.69308137,19.6098739,119.9854932,1
24.95238839,24.70524653,163.823893,1
43.6179047,24.17205098,191.9550867,1
22.90886666,3.82615893,190.7757592,1
44.90703432,11.95080675,151.9258006,1
26.20712605,12.32498075,102.7210915,0
35.62102169,8.20234359,163.5894813,1
30.22336084,23.23922692,175.3901121,1
39.39256497,23.34324018,194.389252,1
27.57879868,20.24275672,150.7206883,0
26.37539158,24.52260139,105.4672533,1
33.46354613,5.60147042,184.6399613,1
23.0781357,11.07823869,144.4641698,1
49.13760774,8.71630286,184.897759,1
41.01262051,18.65379939,152.9918776,0
46.98097836,7.20399602,185.8235441,1
48.13340566,4.70082692,170.3641183,1
46.43891564,14.20020829,127.6173756,1
22.75415395,24.25646124,176.1822705,1
22.55520332,20.56444785,162.5990834,0
23.35964475,15.44046446,186.6789982,1
42.34729862,20.15745745,148.0301454,1
39.74287309,23.6518672,163.5695576,1
34.13755606,17.33190039,114.29664,0
29.08767352,6.29666218,112.4940298,1
49.73520568,19.73921286,104.1433561,0
30.82463792,13.91441164,180.4791605,1
20.17937362,15.53685058,126.393992,0
23.13911506,6.38028985,122.4568877,1
44.65680258,5.96292013,166.7705228,1
41.33163092,5.94857018,188.9583529,1
29.59778973,3.3623684,142.6867716,1
21.28322055,17.96241824,119.0348679,1
30.93078101,21.76600201,149.0664263,1
28.09416803,12.37709691,134.3051644,0
45.78034856,3.35878397,114.4087778,1
44.47909601,22.53886897,191.8671389,0
46.57948716,18.29786836,144.3192164,0
36.2823499,10.15266976,148.009368,1
26.78370296,18.46513615,126.3724018,1
46.82182795,13.20645969,130.2754716,1
42.6421453,3.82557922,134.4865264,1
47.86044485,12.96043712,143.3826957,1
29.15158364,11.08455067,181.7032108,0
22.98645643,11.19607147,149.9610352,1
47.57170008,15.94254298,169.4496165,0
37.90885367,9.43975551,139.8143743,1
44.89103316,7.57069384,116.2825595,1
32.34281225,4.44428308,131.1668957,1
33.69903335,14.4329974,171.2908484,0
21.51648568,4.53613648,141.8875775,1
45.54794853,3.1413853,157.7321273,1
32.3100595,21.99067958,125.8612312,0
26.66456177,14.17929471,141.7477249,0
28.37050385,22.75266726,133.7331648,0
21.85055485,7.1057787,187.9291795,1
31.37502623,16.01318216,175.3873776,0
43.36803987,8.89001553,138.7851381,1
21.23433643,8.45745534,138.8669347,1
29.29211942,15.9648353,166.5204824,1
28.16569499,3.83978967,176.0962705,1
25.14451873,16.1032697,127.2342401,1
20.48709582,18.95948611,121.7097503,1
36.16804881,23.96844153,103.3205577,0
34.54021744,20.57235268,164.704381,0
38.04638131,23.77244572,183.168898,1
40.34155964,5.41604494,192.1233123,1
31.18661403,9.46005944,133.6538194,1
23.0799355,17.55238928,186.375027,0
43.26391779,13.71539012,116.0953029,1
46.7188586,21.91494873,199.2259958,1
44.22108534,11.96157113,125.5393149,1
30.19864746,20.65581843,143.9566047,1
25.90039984,5.77036886,177.0532711,1
37.21094113,12.33289567,190.50117,1
37.20265014,19.58800722,131.9259071,1
23.17009414,10.80259801,126.6365805,1
33.38689575,22.95113002,113.161061,1
20.67142606,24.40710251,110.267111,1
37.55186246,23.98066637,111.1682186,1
25.04325481,11.87243508,144.0667837,1
22.86318268,10.54755503,151.7343166,1
43.98447263,15.86473093,140.8067121,1
49.31890544,24.77092023,185.4839533,0
21.69340977,5.41939421,190.8805711,1
43.58710801,12.93199949,172.9992661,1
28.75213229,4.49140354,156.3286265,1
28.29892018,14.92780632,193.9313521,0
26.22496073,18.56582031,119.8044359,0
34.41346141,15.78682241,194.8890175,1
38.74064806,16.71318115,179.1841121,0
47.93572845,16.44303135,174.676999,1
28.58709091,3.93489273,163.3492138,1
36.22460068,16.99112928,196.0756922,0
48.74909481,24.72658431,130.6223909,1
28.29078409,8.38860066,152.0759504,1
20.68556496,15.70979492,176.513439,0
31.98363655,16.77746813,122.5928352,1
38.85199144,15.651347,180.3382537,0
41.02730284,21.17187168,116.4482794,1
45.14775118,4.32672317,187.4276972,1
24.74992364,9.33102289,188.504609,1
49.95468907,5.34432919,124.7892874,1
35.41805634,16.2514426,132.7342585,1
33.33877796,19.34158886,183.6544656,0
48.59015536,9.14696318,179.3983104,1
36.99191475,5.00129069,173.3636511,1
23.57628722,6.23142456,183.1225038,1
40.69439078,11.06315018,134.4315336,0
24.23519077,12.63646337,182.2720139,0
32.53669896,6.37709906,136.7619811,1
32.99363069,19.08815711,104.6317047,0
31.84921806,3.0410275,165.4179711,1
21.63617842,6.02762602,134.3495111,1
33.05985741,20.4717665,199.392355,1
23.46832774,22.06607466,176.5747535,1
29.00891467,16.83329901,174.1075635,1
48.32587437,18.80697489,187.8732391,1
38.69232938,8.4137603,199.391526,1
27.77623752,2.6636284,130.359271,1
35.89315981,10.11640387,168.0960442,1
29.9917835,8.04031463,121.4228236,1
46.58523076,11.41917697,123.5449223,0
40.11335722,11.13598378,161.8756453,0
21.22455255,7.22277433,134.7299527,1
45.6477493,14.50938855,118.4127106,1
34.82713724,21.98301696,126.5100318,1
29.82981519,19.29498751,103.7712822,0
48.5479077,18.9273333,170.5339136,0
21.08560054,10.5183995,152.8175205,1
37.56234248,16.99255623,130.9446242,0
30.70006005,23.40582548,133.8913619,1
31.18824875,4.16867254,153.7696438,1
40.41372909,14.80457268,176.2005084,1
25.60935922,20.1461743,161.1004488,0
44.69255956,16.72519814,112.4735225,0
36.32423377,13.40147087,173.0139559,1
41.56402998,20.66152837,100.5573828,1
44.71387572,24.29522358,162.8934815,1
27.20729199,4.06040814,166.7647759,1
32.58510584,16.08622006,118.5654929,1
27.47121376,19.81574314,184.0361948,0
25.79070797,16.5843632,119.2968915,1
24.61543574,2.08292381,188.3901857,1
22.0472292,15.28183236,173.9702748,1
25.63329757,14.21529637,181.3261083,0
24.68076529,17.41749956,128.6275129,1
39.0163026,14.88120277,167.3216757,0
38.84255897,17.40461437,125.5224043,0
49.42880372,14.8477677,192.6557379,1
32.6310085,14.85524883,156.4610868,0
38.08859947,16.00564153,190.269887,1
22.25868124,17.35463791,170.573487,1
26.97234354,5.40803573,170.9092069,1
47.54291169,17.6694981,191.7567513,0
32.31171356,3.7346912,151.4454467,1
38.59675217,10.35082326,196.3029771,1
26.30499763,6.16226765,122.6088545,1
35.14491504,24.59832758,111.1717699,1
31.43832528,8.14287024,137.4841468,1
28.66445671,17.95834011,163.2324935,0
26.98208104,21.05346863,140.6982909,1
46.01337659,23.62397933,148.7962048,1
29.82643722,5.52519852,170.6235706,1
41.59232967,19.23067843,102.2276371,1
43.92589817,6.8383821,146.6527666,1
25.00387864,13.45220144,120.4690209,1
23.75515058,22.68030961,100.3023473,1
24.98133152,4.46273419,145.3581626,1
25.72147318,3.71554974,146.0187631,1
25.75967854,4.67545852,133.8871561,1
30.43066354,19.55964026,158.1224439,0
37.40908792,21.02437903,148.1934538,0
37.00903631,12.48295182,185.943584,1
42.09736678,11.75821746,169.0909636,0
35.15397053,23.47274185,118.4870253,1
29.36811011,8.67137925,103.7968813,1
32.2557612,6.98718027,137.3584201,1
46.28752198,8.38883134,197.2040918,1
29.94691246,20.68872352,120.093242,0
44.43320502,18.65473901,147.7370393,1
47.04154062,11.97109329,147.3486634,1
27.32016886,23.52786525,122.5627527,0
35.22529274,20.33809051,103.3939885,1
35.79150813,16.0063555,124.4605906,1
49.50667577,3.66809764,133.8925445,1
41.96297035,10.18915558,153.6603819,1
30.98741956,5.90299245,172.6201998,1
28.64634708,6.23279346,123.8837913,1
46.96531414,10.81645765,109.4659777,1
42.86441412,2.43591806,171.9484936,1
41.74184088,21.56741856,155.7364206,1
29.75208421,19.08290071,114.1189072,0
20.49711916,5.96844954,125.3743825,1
44.13480571,2.10892945,106.5446609,1
20.76773937,8.76566638,182.0635244,1
34.7743085,12.33653031,117.8949591,1
49.75767655,3.82752781,166.1116929,1
46.78766376,23.28188341,139.8200926,0
49.9816339,8.59642756,147.2364531,1
23.59107011,23.81891368,197.3853708,1
23.16109311,2.09293952,167.1956798,1
48.00259865,9.75646254,195.8477811,0
48.98868107,6.99406811,182.316927,1
48.0169123,20.89114254,104.9668985,0
24.68542219,11.74146052,149.5123802,1
20.42196798,18.37803964,108.7783347,1
38.22268978,24.00007423,157.8169372,1
30.17405289,21.75427108,144.2660733,1
46.47263887,3.06574846,174.7782767,1
45.63624734,3.07279777,164.908924,1
41.46854712,5.49731513,172.374773,1
22.42203636,22.14301138,125.3956045,1
45.91499785,10.64726442,193.7034266,0
39.56210358,4.54062402,175.5115115,1
21.61906685,20.96040585,125.5442293,1
49.7696577,23.67139931,119.2911929,1
20.07085282,8.20196963,136.9508725,1
24.15513644,24.20087746,174.1957549,1
29.8560497,11.77853567,169.2956716,0
42.80648527,18.96534974,178.3702258,1
46.45623617,5.71534107,197.6840145,1
28.10318555,8.5057037,177.2962271,1
44.73300643,22.95145368,115.1049952,0
42.6756675,12.66836757,179.1252431,1
26.05019545,20.41253845,182.6672122,0
26.23730157,19.97835111,113.4625334,0
46.92992488,16.85274356,123.7166187,1
22.36941587,4.45947726,144.3940491,1
28.88813517,17.92901025,158.8786545,0
37.97723221,13.70461639,197.7261881,1
22.33484446,22.95998888,153.0621724,1
30.04852595,11.45249455,196.2310692,1
26.30227068,14.23130305,133.5829908,1
35.97249813,8.05289991,124.6188265,1
32.82637551,9.9751262,186.19514,1
24.21507609,11.69396189,179.6489921,1
31.47820785,2.77960091,180.6882277,1
31.36042147,11.3707291,139.1390037,0
35.58675676,23.85089923,129.9199879,1
30.07391593,23.29700269,112.0072383,1
20.36281364,16.147818,181.6936139,1
36.82085402,15.69509088,184.4748355,1
23.80184911,22.03696504,114.8861512,1
25.77235827,24.00412323,198.6121486,1
23.36079133,11.01082108,109.4410125,1
23.94359662,19.16705147,121.9241828,0
45.4544686,19.99307599,135.0069642,0
43.24505612,12.60962307,163.4109804,0
24.58057009,10.57946394,172.4599008,1
34.27501799,8.1576911,153.107878,1
33.29600649,14.9664715,184.3282376,1
23.3009654,14.13829073,197.8237681,0
32.16305155,24.12283333,158.6019143,1
45.47349498,11.59076851,185.5143841,0
36.69926275,10.99969676,111.1950574,0
42.62242417,14.92562869,111.4277809,1
34.14122055,9.1251942,139.9826567,1
25.22215421,20.85123993,133.751569,0
35.49685036,19.34531204,178.7306446,1
48.43391257,17.89102806,120.4242725,0
25.82929509,6.83722928,185.5363873,1
45.82086402,13.00785672,105.5278386,1
34.53954197,12.5833117,169.9911951,1
40.26387192,17.45349394,146.225437,1
46.03587438,14.84013437,162.3330849,1
36.53743688,4.78107831,130.9063151,1
33.46527117,5.01117046,152.2036667,1
30.7267933,6.84459709,101.1514458,1
46.02602297,8.49947189,163.523973,1
26.0739425,12.81041765,199.1107963,0
25.51124738,11.00354521,102.0476587,1
26.05556011,11.77611911,112.5671407,0
22.33105664,11.64642675,175.4638896,1
31.49061062,4.91410658,101.3337699,1
33.74674895,5.18300478,130.6908277,1
42.46294797,20.00317947,196.2160382,1
30.25733113,5.32138247,195.8813609,1
38.00905741,17.82751447,160.4329352,0
23.92559214,2.17776346,154.1735308,1
47.69667307,8.82481641,144.8702754,1
40.75831245,5.01699259,166.120022,1
37.93959542,16.34869628,168.168089,1
29.34430193,7.42592648,159.5922833,1
34.69473189,24.68873353,180.7672767,0
26.60385085,24.26582897,105.4902669,1
38.19969962,21.55229739,187.4487826,0
28.9861235,10.38386636,179.027566,1
48.39692659,4.16258593,141.5921768,1
44.50814837,17.89748408,150.521665,0
30.71387023,21.02916982,111.8447268,0
29.45635481,6.35802754,155.6958919,1
43.00019458,23.27661442,139.1962617,1
26.86730471,7.33985708,146.275643,1
25.8745871,21.53207324,185.051981,1
28.10316116,22.41348188,135.4088917,1
42.631407,23.56876251,198.174657,0
29.31994873,9.02589707,153.4089148,1
40.01612819,6.53878155,109.7128473,1
27.53349845,16.1270714,161.449741,1
35.63872869,21.52610296,154.9250006,0
26.88380339,20.84044783,121.3363264,1
44.18006743,17.9982232,149.4528968,1
38.30309595,6.28176383,120.6871136,1
38.42101533,7.34235572,167.9087819,1
30.4938105,6.69116134,179.9359198,1
38.8600222,18.22184764,131.4965031,0
35.42282458,18.85242048,146.1773468,1
32.22312243,4.21037302,151.3990626,1
43.73335671,14.76497791,105.5094806,0
24.91881112,7.0591106,143.2223708,1
35.07109245,13.72841777,176.5121319,1
36.2264614,13.35774332,190.9233324,1
38.54304008,9.27968679,108.8648446,1
47.2174767,18.6565201,147.0145857,0
33.8263404,11.5142831,192.5674741,1
43.72602725,16.1677868,149.9172456,1
36.55950211,13.40918276,162.7557011,0
47.40347418,16.43643543,165.3462452,1
28.14067392,9.83043705,120.3563041,1
36.01742658,21.26437443,159.575117,1
21.8319292,4.45550805,173.1217044,1
48.43493762,15.55869458,126.8941848,0
34.71187189,22.43485968,176.3258374,1
24.13784055,2.31821661,175.9859627,1
20.79094894,7.07707042,113.2627485,1
49.11545928,19.8845727,116.6505454,0
24.30564732,3.8558314,100.0757076,1
27.24680349,5.56990513,182.9102011,1
47.15950658,18.01648577,167.0194559,0
45.4110184,14.0065002,156.1990425,0
43.3827817,2.13630234,121.3334256,1
34.8930758,19.95116277,157.5165928,1
23.72048332,24.35664503,177.5411313,1
20.70194409,17.55270535,117.176587,0
30.21326339,22.48348967,136.1420686,0
37.029982,16.34554255,147.170948,1
29.16282864,23.64660427,170.0402691,1
26.80779122,11.4598246,186.3843591,1
43.12902461,21.1658169,189.6162116,1
41.52067366,7.37224705,152.7636451,1
33.94458929,11.02145484,182.7428726,1
20.32742996,8.4500564,115.1232259,1
40.84607761,6.59815317,182.8188651,1
40.04298468,5.27002155,164.1544036,1
34.32770912,15.51192459,198.8553687,0
27.07035801,3.19945138,165.5444017,1
44.63137504,16.22481259,187.8362602,0
40.57045031,6.13897044,119.4251665,1
30.58485829,10.22319995,189.6263452,1
36.30763531,10.90647951,124.0487034,1
27.15605664,20.14941493,118.8216264,1
47.68164513,22.84309753,122.7136098,1
46.65165955,15.02365105,175.3569761,0
39.17277571,22.8966908,103.7262188,0
49.15406085,10.95429277,131.0966873,1
41.95399341,15.37955347,118.0077447,1
24.48266291,20.45561002,173.0891794,1
41.19454069,15.71091422,185.8268868,0
35.2469856,6.18946994,121.7040715,1
40.39168874,23.46553711,139.5970807,1
22.1728946,3.79679159,159.5277275,1
49.62110057,15.49938322,133.9698144,1
22.53987452,2.37679304,173.5385543,1
49.00132568,22.46470719,189.4889309,0
41.51168854,19.00754998,170.3133485,0
32.31199403,19.90424026,186.3097417,0
27.08903789,21.80564128,160.6732667,1
35.88922682,14.9593519,142.8238293,1
48.37421693,7.61511891,117.188544,1
48.52653881,4.03783898,135.161779,1
32.23073426,20.72010995,145.6891192,0
49.28381704,17.27847673,187.1003511,0
44.83707921,23.2964919,109.4945638,1
48.72157795,11.70902079,150.5034357,0
24.25987736,3.58490113,116.2387331,1
25.41494005,5.48860013,133.0333069,1
40.72726664,2.91300441,147.1948793,1
38.98763032,7.53365949,128.0136086,1
30.42476052,14.35362427,166.6571002,0
37.97802977,2.01690687,101.5322789,1
21.45579274,14.93560526,161.1253928,1
29.49226765,4.97313369,134.7258221,1
39.91990228,22.23651946,166.7283019,1
38.24041842,7.83966055,180.1577078,1
45.84486045,18.09707159,119.0034291,0
47.41575843,15.13303065,130.0147606,1
27.95529635,10.97885613,113.4883214,0
38.31996563,7.19539258,155.5285354,1
44.86161558,3.63902681,133.2912915,1
23.65782367,2.56749649,187.2949903,1
25.28701045,11.54517359,195.6993842,1
25.0757946,17.16062722,171.6316558,0
38.96637435,4.63688064,105.3771363,1
28.03072352,14.64788622,188.758974,0
36.06651109,8.56526411,126.4802554,1
20.31960625,22.87266217,121.5825414,1
45.51817739,23.56216836,163.6234755,0
22.73122765,20.07502983,181.6605246,1
32.78026753,7.57803141,167.3808072,1
25.67298927,11.06557231,198.7008123,1
31.21429222,16.24847476,164.8190427,1
44.31262743,4.0780339,111.5672598,1
38.31838409,21.13388971,143.469686,1
22.05001707,24.38714102,121.1020955,1
26.7090809,18.54556319,145.0577652,0
28.86677431,10.02795565,174.3979902,1
46.83956401,7.01382401,148.793069,1
49.47029817,12.12982387,129.1009439,1
32.9450664,18.65696417,105.577694,0
47.1691115,4.24919312,152.4776624,1
23.48549336,10.44674302,151.1063643,0
21.61818343,9.90172397,149.5694201,1
29.41986601,13.73344365,193.2229915,1
45.70242503,19.75810314,144.6439926,1
29.92913976,24.41506497,191.7928644,1
40.15647797,22.86589948,180.7890661,1
36.42052931,5.19448929,181.4196515,1
21.88263815,5.23904129,149.4184749,1
32.40682411,3.60256815,119.8619161,1
26.51079946,3.63326517,166.4149718,1
42.81273846,9.59192817,174.2526751,1
47.54368896,3.13800694,146.4075301,1
24.53799569,12.26677864,164.4535225,0
40.1122624,21.96943034,157.0559224,0
30.71793689,16.91765716,167.1188572,0
48.08577721,12.29707958,176.3730148,1
41.07848702,2.2422042,160.9629557,1
28.05265521,12.48125321,127.7542243,0
38.8336388,12.5494396,168.3027636,1
47.49498177,12.18578794,115.7219406,1
47.2030632,13.06047259,196.8176439,1
26.91491426,14.74253904,199.1625014,0
32.43743372,9.6571205,189.9331181,1
43.17611336,20.14539079,190.0735627,0
28.53825795,24.11934243,189.8424442,1
33.82407907,5.44812591,195.7621825,1
30.5306443,16.63749853,188.6751418,1
45.32044167,24.47068297,174.7138966,1
24.4126828,19.20265881,104.5415359,0
31.17863441,5.47368474,106.7671733,1
45.33321398,18.56759437,100.7028027,0
37.01125144,5.72566231,106.171648,1
35.32935326,4.07306977,162.1556086,1
31.65337398,21.7743632,125.4891202,1
41.22891374,10.30095742,199.2357311,1
48.19729135,16.80762588,133.9821541,1
35.52435698,5.20088579,171.7892141,1
34.81471851,15.58007606,143.4912387,1
43.32377518,24.47232465,139.3744013,1
46.7158602,11.94279011,168.9834213,1
23.23176105,17.73951242,111.5213542,0
26.59971365,3.0603971,199.9276518,1
32.03445882,19.04810764,188.0425748,0
34.91717291,16.08954611,194.5688594,0
36.43070724,16.07905058,188.5184433,1
32.18305778,5.94383858,186.0272173,1
30.33843719,7.90416917,182.9242132,1
25.32643097,8.5577568,159.1897968,1
43.35719234,9.00877374,127.2380382,1
35.36897572,11.14438802,100.4445075,1
38.55045733,7.19697231,158.3337524,1
28.80621374,11.79661431,141.3361697,1
28.36084966,19.24952797,166.8213391,0
42.76797807,7.21043563,134.6167736,1
41.72955691,7.78764861,138.1810373,1
47.91534116,12.22670251,160.8535829,0
20.83293646,2.33290041,104.4724848,1
45.56240956,2.38695773,105.6503459,1
24.87791094,15.62900475,108.8446605,0
37.16580777,8.15817671,146.3578995,1
38.39154636,13.13792866,168.2663694,1
24.7466951,12.13728835,122.4775664,0
32.41406523,3.90570876,186.2826109,1
40.99293004,14.1581962,136.2791044,0
40.82393154,5.1800298,184.4238258,1
42.64950749,3.55353317,175.5871426,1
47.12681725,13.21087411,119.3315022,1
33.78757876,13.69403587,196.3130429,0
23.32399698,24.22435153,130.1565408,0
40.66695903,23.74784578,194.5664222,1
41.48355524,5.27586615,151.7499558,1
49.12788436,9.04373629,159.8867241,1
20.84220583,23.45109207,122.045234,0
32.8786529,20.50507315,134.4678028,1
36.33913538,22.37451432,142.1743009,0
43.77512998,7.68887798,189.4287277,1
26.19807948,13.78373306,155.5086781,1
40.59703612,10.17580907,166.1376393,1
22.70342101,20.16385454,175.3186303,0
35.58326854,3.60258022,158.4565194,1
28.65734924,8.1514169,158.7709683,1
23.78715672,15.50131624,134.6963817,1
47.75576767,11.09926607,110.3349983,1
46.34899012,2.00000317,118.7953488,1
42.86520871,12.60146671,183.0130064,1
27.77273178,16.25478576,142.1897788,1
25.39235638,6.58141186,144.6041372,1
29.46983234,13.81738102,113.2756707,1
32.27639232,13.98188337,114.4303851,0
46.39017807,17.27827197,194.8805665,0
32.78127839,14.16120355,115.4552901,1
33.71142133,22.61604796,150.4340356,1
25.08551398,8.23250039,159.934363,1
39.93345901,3.37408901,159.7360212,1
49.18293695,24.12312396,115.7046611,1
28.10192132,8.18587361,132.3973492,1
40.58957217,15.58369323,167.6050192,1
25.51799684,23.45211876,163.1119579,1
32.35903862,5.35393648,127.7769226,1
26.97912139,24.11869611,186.5194344,1
35.55986547,23.19574504,170.8382715,1
22.72601184,5.82593273,115.0089669,1
20.53911215,5.76390651,115.4216718,1
25.63584539,11.665758,144.7948805,1
45.79870073,2.21808792,117.2946187,1
42.39424956,12.57049565,145.2900748,1
34.02661246,7.68708025,122.6419504,1
36.76685428,14.41941647,158.884304,0
43.71470374,2.03423446,160.8588269,1
25.95930642,16.15253438,126.7253958,1
33.02561144,22.11153316,120.7049027,1
49.149727,13.4380461,197.8720456,1
26.55903553,14.23336163,188.939164,0
37.07250127,13.50000455,124.5983703,1
35.1773826,4.81467097,193.3592134,1
44.67065087,17.22121748,100.3117953,0
32.15047407,7.10330479,102.1118354,1
33.48000781,19.10430155,168.3365956,1
28.82546774,3.09098984,139.9350137,1
33.43677785,19.01617446,122.2034694,1
42.25221792,4.87915023,107.0432096,1
20.29168085,8.60281502,137.1107847,1
39.77432019,9.34068462,191.2405386,1
32.98246271,17.81748878,167.4112208,0
31.31269811,12.6924912,153.4210371,0
22.20938031,15.42945171,193.6000013,1
30.47564453,12.08953584,109.0518627,1
49.21130914,6.13408118,127.6682549,1
33.69653659,12.06993455,157.6498764,0
31.24224853,21.41751488,147.3338915,0
33.42679957,20.17537951,193.8536557,1
32.3477336,4.79305086,110.5207254,1
41.11751714,10.90637823,138.3630326,1
30.75518951,19.74809026,103.446477,1
43.82706161,14.20644929,178.190822,1
22.58832923,15.97188681,143.6742099,1
27.13414296,18.91898777,158.7498914,1
41.43102185,20.08121807,133.0947723,1
27.8758563,20.20990217,140.3108496,0
20.29573784,3.2082955,147.535123,1
21.04701219,22.82413117,132.0166404,1
25.64001343,8.68548427,158.1749875,1
39.53295462,4.54737501,179.856829,1
39.39546373,16.54224474,148.1767768,1
31.34245673,8.82415603,102.9297911,1
31.77185692,10.27880939,148.2869838,1
39.927076,12.32273724,164.3147406,1
40.55998146,21.84899855,186.8653265,1
21.39642428,9.6043444,148.9449731,1
28.69158641,23.94638082,143.3409943,1
41.95758121,3.81629276,117.5101004,1
27.14658305,3.30189658,168.4393928,1
29.95763666,17.82207472,132.9699254,0
27.98980973,19.33497303,196.5116151,0
26.99144381,14.26766066,103.3902556,0
33.67839546,14.06646133,186.6600159,1
20.22768986,8.09003663,182.3129289,1
41.4218991,17.87701244,173.8334129,1
21.33420195,8.51106123,107.3276805,1
47.54018353,17.5525587,142.0376947,0
28.89596324,18.88489413,113.7941311,0
26.71390704,18.40936774,148.2472046,0
29.883139,14.58511118,139.648503,1
33.54284007,13.72268647,184.8610747,0
20.49994726,7.80656354,105.4947914,1
40.78177493,19.44972338,123.6913635,0
34.21279604,14.80450156,166.4690349,0
35.4519059,8.3287078,182.8784129,1
33.2182392,4.8673764,132.9969265,1
34.51034436,14.12648361,138.0459526,0
28.7418998,18.34281046,192.1450325,0
39.91191193,2.12945861,169.1274023,1
20.52649975,11.45256818,155.5172659,0
29.23377449,4.13732685,187.7954799,1
32.22827265,8.3837319,141.1254416,1
32.77279235,24.26291437,182.1130204,1
32.07407,6.57515578,123.3817682,1
43.66155113,4.00582258,120.3318767,1
21.79759857,18.43592001,101.0333086,0
29.30928831,16.72100704,188.4052191,1
25.06093998,7.70299039,196.2830891,1
21.20557674,10.6028477,173.2645337,1
39.60449248,24.6309045,138.1117334,0
33.72417804,12.9159317,138.7001422,1
36.18911165,16.70042868,138.1795656,1
34.34807635,16.27244285,159.9372248,1
39.41135087,21.46187705,194.775898,1
47.30536802,5.81254046,117.9097156,1
43.43367978,18.33111622,141.8190371,1
23.03510545,3.53077943,128.4385462,1
42.50047216,6.88642877,195.6763112,1
45.65092118,9.56687817,165.8131244,0
33.05953734,21.58335851,126.0323425,1
32.46913059,12.01565715,148.343856,1
40.10044719,8.83769693,116.777993,1
22.45774263,3.82187887,104.2611788,1
35.50549215,6.61595553,174.665829,1
29.92363834,20.48264974,173.6382672,0
26.2055622,22.94669406,167.029915,1
22.7933503,16.37657674,184.1359527,0
43.38286544,6.2828901,143.8824879,1
40.25813883,9.76649786,157.8709283,1
35.60356748,15.96938706,105.4414465,0
46.42502278,12.09763046,178.7408359,0
44.73749313,22.73791894,187.7695667,1
45.97583289,4.87213432,118.5448638,1
48.43400616,7.31947171,125.7588878,1
28.46154009,15.15251152,193.6138698,0
42.70099497,23.21709077,107.1107942,1
48.69736792,10.05052545,199.9602211,1
38.21226249,2.35497068,182.7148197,1
28.99177963,22.74488552,134.9227705,0
41.66649041,16.71591532,178.8066684,0
44.03617974,19.89807078,165.6108327,0
42.51414597,12.23481297,135.6558601,1
40.5281222,21.49949733,189.1290007,0
46.51384725,15.06849984,165.4206238,0
20.1534335,14.58291118,168.5028781,0
49.42791852,16.06560742,196.9102325,0
26.95818351,7.06750555,150.5839402,1
27.16663534,9.5798502,195.3809291,1
39.78190472,18.1977302,164.6825712,1
33.38482997,12.88281063,139.1969161,1
37.35049329,17.15036597,182.6931827,0
22.29155565,13.54054776,121.0350058,1
42.25874323,12.49369404,135.774897,1
22.00088337,14.22533292,134.5820254,1
25.70702041,6.95700035,193.7182751,1
24.74586537,24.59449979,161.0155877,1
23.28118419,19.15675755,130.5402014,1
26.01748072,4.48582635,176.2946123,1
33.96775257,11.41999857,116.83789,1
42.34756713,4.3281692,185.6238099,1
43.21896799,18.36036777,102.0950103,1
46.41182758,14.68705839,112.9929236,0
49.89495254,8.01338403,186.8956573,1
24.4464715,12.40056874,149.0416401,0
31.84095371,20.31478473,122.3084691,1
45.58384804,10.07676683,107.4134543,1
37.20884098,10.37942788,168.4307496,1
48.6935574,22.38555153,111.8127033,1
20.16661352,14.92145299,119.3939541,0
31.08396664,16.96037407,157.1398709,0
35.06264552,21.56236925,150.7995462,0
42.00331327,10.50031585,166.1867226,0
32.39126137,6.30302313,174.5886585,1
32.72891805,8.81654973,123.1441971,1
32.40851748,16.79025612,143.0861439,1
25.21906634,9.26464805,157.7165854,1
23.97111804,22.64359937,120.5017348,1
21.36872424,22.49497417,115.4206991,0
37.5790895,22.60060547,167.4100455,1
49.46972326,10.75662118,185.3649684,1
34.20857685,9.11060155,121.9104215,1
38.52297734,17.38049139,157.9791979,0
27.83128533,13.8630446,108.9452417,1
31.94912342,17.52364425,169.6062772,0
22.76288438,8.58598856,130.1707754,1
25.57394044,5.230827,188.7606212,1
43.24143845,18.05744447,180.9299531,0
41.37471532,7.1444009,169.9659213,1
47.37984993,19.03477804,171.2206663,0
21.33345415,17.31990021,186.803888,0
32.67852855,20.48714103,158.0276619,0
29.30869391,18.7411027,172.3676635,0
31.70589207,6.54181107,180.088518,1
40.39370933,12.49414392,130.3811001,0
29.9597986,9.23370742,132.4041202,1
21.6698419,7.5253735,112.0404987,1
31.10512803,10.75140109,195.3426288,1
32.45258229,4.86720967,139.4754712,1
44.18401855,17.09557653,105.8785079,0
26.00831343,13.98740371,141.760392,1
44.78991009,11.62668112,140.9868345,1
38.6563819,13.18312201,132.6672972,1
24.85878727,21.08277604,121.4416248,1
31.05632913,2.23159727,180.2450922,1
22.82409382,20.34837394,122.0126085,1
20.92424977,21.7050056,106.9585254,0
20.27059851,2.03296512,151.9397724,1
23.75476376,13.45805874,143.934945,0
31.61087213,16.01582466,100.3438585,0
47.39523053,2.660678,190.8831846,1
30.50581325,2.46477388,122.5336604,1
32.27501635,24.48753137,102.5193943,1
42.97035782,2.16907803,112.4334757,1
48.72027488,20.39803396,131.5308744,0
27.027008,2.99293813,139.7209325,1
27.29031659,16.38609212,166.6048429,0
35.49170143,7.64044048,167.7109145,1
45.3780462,19.69583182,143.321716,1
24.5028626,10.46850197,138.0053394,1
24.09248095,17.56681882,198.0223885,0
24.66752185,15.39051326,126.9630897,0
34.30032137,3.35982689,122.3233499,1
47.32895874,7.98963424,166.896797,1
45.86888593,10.92479047,101.8349829,1
23.03021954,5.65583805,136.9110809,1
28.95656893,9.17715277,196.1842552,0
28.4371023,10.58981704,105.8180451,1
44.86829376,9.914787,196.2500887,1
42.08821203,2.16953754,190.0812982,1
33.22464916,23.43919096,183.636273,0
43.88427987,17.37085768,149.2920882,0
23.31117962,21.44230792,104.2104341,1
32.24324378,14.33663263,175.5268824,1
32.65911906,22.64636533,189.1581915,0
45.038049,7.00520902,103.935306,1
39.65779067,15.52293314,121.0065357,0
39.26886597,16.72241138,181.731934,0
48.95007089,3.12400392,190.8403887,1
23.69702095,6.61308381,194.0883993,1
31.40302714,13.93891978,174.8775002,1
45.04534585,19.7806768,199.2259436,1
23.58989719,7.52664093,103.4296146,1
30.34757687,24.09721707,155.0833892,1
41.20991108,2.34102882,158.5073136,1
41.13568401,2.87229453,185.1971731,1
43.96483128,20.02797827,152.3357469,0
32.63498373,21.79386987,140.9762669,0
28.97300708,17.5665048,153.2209208,0
36.79216384,21.24945817,146.561503,0
48.89816283,24.15508113,198.9933955,1
45.95969227,18.61991354,102.5698633,0
44.66742853,11.44768021,102.2922551,0
37.88259733,8.17117804,112.9943988,1
41.20267797,21.9987137,182.7078589,1
20.26834555,20.84452892,130.6318476,0
33.59539497,18.52169454,195.7712782,1
38.05992049,13.26208097,103.5707701,0
37.74681382,11.33034619,150.8501966,1
34.7240392,6.60920823,137.2289968,1
49.72440047,6.42033563,186.1815647,1
28.22863865,14.81819214,181.288909,1
34.31719996,6.45853881,180.8352755,1
45.26937883,17.35728906,114.2427947,0
40.15107664,3.15228689,194.8974196,1
29.7953394,11.80967507,150.3502481,1
38.56326131,12.48348261,189.1640559,0
43.40775984,16.6402037,130.3955911,1
49.36859815,2.47802601,112.5373567,1
23.2971238,23.7331892,159.255437,1
47.64154447,11.55139461,179.7919402,0
38.69405311,21.19376902,156.3800428,0
34.28628602,3.51030891,125.0517484,1
45.19052406,22.35303191,135.7517805,1
22.92849583,3.4046412,179.3228645,1
21.77569879,8.9931223,110.4410309,1
28.00997089,23.90756143,135.0669626,1
45.07577413,18.38826711,110.5413707,0
23.48491638,16.41334058,174.2611756,0
44.33935945,24.15498028,185.1110368,1
39.83680211,20.44944006,112.8092073,0
44.05903489,3.10350601,143.5548871,1
45.16465876,10.21170026,151.4880267,1
46.12312565,5.03506097,194.90838,1
25.66387065,2.07582608,193.375236,1
29.74861259,5.37716027,115.6903212,1
46.88673472,18.45648468,150.9490005,1
39.8738386,2.08670465,137.058548,1
48.2076856,23.93805329,192.589424,0
39.13494266,21.27216671,199.9872673,0
