c10,k1,k2,kappa,P,,,,,,,,,,,,,,,
0,0,1,0.858412081,1,0.999941851,0.999861461,0.999740763,0.999548618,0.999240456,0.998760995,0.998029537,0.996909102,0.995130082,0.991983323,0.986242701,0.974938494,0.950235873,0.888658203,0.707896172
0.006289231,0.005104331,0.993710692,0.853013262,1,0.999939422,0.999856052,0.999731457,0.999533312,0.999214264,0.998715842,0.997953684,0.996784967,0.994930891,0.991688448,0.985734303,0.974007975,0.948389545,0.884572842,0.697451848
0.012578462,0.010208662,0.987421384,0.847614444,1,0.999936999,0.99985069,0.999722342,0.99951855,0.999189187,0.998672384,0.997880333,0.996664158,0.994736001,0.991402258,0.985242017,0.973109496,0.946614225,0.880669218,0.687565854
0.018867692,0.015312993,0.981132075,0.842215626,1,0.999934583,0.999845374,0.999713405,0.999504312,0.999165244,0.998630706,0.997809605,0.996546965,0.994546319,0.991125079,0.984766688,0.972244928,0.944914036,0.876958574,0.678273787
0.025156923,0.020417321,0.974842767,0.836816808,1,0.999932173,0.999840102,0.999704641,0.999490592,0.999142468,0.998590911,0.997741613,0.996433679,0.994362201,0.99085738,0.984309157,0.971415958,0.943293007,0.873449341,0.669599068
0.031446923,0.025521652,0.968553459,0.831417989,1,0.99992977,0.999834873,0.999696036,0.999477359,0.999120846,0.998553055,0.997676421,0.996324486,0.99418406,0.990595612,0.983869894,0.970623898,0.941753947,0.870150887,0.661563243
0.037736154,0.030625983,0.962264151,0.826019171,1,0.999927373,0.999829685,0.999687586,0.999464604,0.999100388,0.998517223,0.997614171,0.996219724,0.994012205,0.990321412,0.983449929,0.969870434,0.940300697,0.867070706,0.654189732
0.044025385,0.035730314,0.955974843,0.820620353,1,0.999924982,0.999824536,0.999679277,0.999452291,0.999081061,0.998483442,0.997554947,0.996119478,0.993846917,0.990052927,0.983049543,0.969156597,0.938935319,0.864213482,0.64749165
0.050314615,0.040834645,0.949685535,0.815221535,1,0.999922597,0.999819424,0.999671101,0.999440397,0.999062849,0.998451769,0.997498861,0.996023962,0.99368858,0.989794933,0.982669298,0.968483322,0.93766006,0.861584836,0.641479302
0.056603846,0.045938975,0.943396226,0.809822716,1,0.999920218,0.999814347,0.999663048,0.999428899,0.999045715,0.99842226,0.997446045,0.995933384,0.993537475,0.989548369,0.982309756,0.967851923,0.936477544,0.859190389,0.636164866
0.062893077,0.051043306,0.937106918,0.804423898,1,0.999917844,0.999809302,0.999655107,0.99941776,0.999029612,0.998394877,0.997396544,0.995847742,0.993393789,0.989313515,0.981971292,0.967262773,0.935388333,0.857031077,0.631547405
0.069182308,0.056147635,0.93081761,0.79902508,1,0.999915475,0.999804289,0.999647272,0.999406956,0.999014511,0.998369668,0.997350482,0.995767215,0.993257917,0.989090838,0.981642009,0.966716621,0.9343943,0.855109712,0.627629729
0.075471538,0.061251966,0.924528302,0.793626262,1,0.999913111,0.999799303,0.99963953,0.999396454,0.999000318,0.998346567,0.997307868,0.995691719,0.993129922,0.988880528,0.981306637,0.96621375,0.933495352,0.853425355,0.624408092
0.081760769,0.066356297,0.918238994,0.788227443,1,0.999910753,0.999794345,0.999631879,0.999386232,0.998987006,0.998325573,0.997268813,0.995621534,0.993010069,0.988683052,0.980987564,0.965754627,0.932692706,0.85197988,0.62187781
0.08805,0.071460628,0.911949686,0.782828629,1,0.999908399,0.999789411,0.999624306,0.999376254,0.998974481,0.998306594,0.997233289,0.995556577,0.992898543,0.988498503,0.980689851,0.965338877,0.931985333,0.850769542,0.620023893
0.09434,0.076564958,0.905660377,0.777429811,1,0.999906049,0.999784501,0.999616808,0.999366502,0.998962697,0.998289591,0.997201373,0.995497015,0.992795365,0.98832707,0.980414621,0.964967157,0.931373793,0.849794338,0.618841658
0.100629231,0.081669289,0.899371069,0.772030992,1,0.999903703,0.999779612,0.999609376,0.999356947,0.998951567,0.998274452,0.997173016,0.995442859,0.992700664,0.988168939,0.980161967,0.964638904,0.930856308,0.849047713,0.618307685
0.106918462,0.08677362,0.893081761,0.766632174,1,0.999901362,0.999774746,0.999602006,0.999347567,0.998941038,0.998261094,0.997148228,0.995394202,0.99261432,0.988024298,0.979932171,0.96433632,0.930432314,0.848527792,0.618407922
0.113207692,0.091877951,0.886792453,0.761233356,1,0.999899025,0.9997699,0.999594692,0.999338347,0.998931042,0.998249421,0.997127019,0.995351119,0.992536529,0.987893427,0.979725514,0.964039262,0.930101064,0.848230828,0.619125507
0.119496923,0.09698228,0.880503145,0.755834537,1,0.999896692,0.999765071,0.999587427,0.999329259,0.998921506,0.998239276,0.997109248,0.995313544,0.992467103,0.987775953,0.979541434,0.963775367,0.929859371,0.84814839,0.620429525
0.125786154,0.10208661,0.874213836,0.750435719,1,0.999894362,0.999760259,0.99958021,0.999320293,0.998912372,0.998230582,0.997094906,0.995281571,0.992406061,0.98767225,0.979380306,0.963551848,0.929706486,0.848276731,0.622305925
0.132075385,0.107190941,0.867924528,0.745036901,1,0.999892035,0.999755464,0.999573032,0.999311425,0.998903575,0.998223153,0.997083805,0.995255107,0.99235332,0.987582224,0.979241754,0.963369547,0.929639973,0.848606483,0.624720045
0.138364615,0.112295272,0.86163522,0.739638083,1,0.999889713,0.999750683,0.999565895,0.99930265,0.998895069,0.998216905,0.99707588,0.995234216,0.992308981,0.987505688,0.979125779,0.963228185,0.929657491,0.849130151,0.627651275
0.144653846,0.117399603,0.855345912,0.734239264,1,0.999887393,0.999745917,0.99955879,0.999293945,0.998886797,0.99821164,0.997070896,0.995218722,0.992272877,0.987442548,0.979031912,0.963126543,0.929741522,0.849842115,0.631065892
0.150943077,0.122503934,0.849056604,0.728840446,1,0.999885076,0.999741163,0.999551717,0.999285305,0.998878704,0.998207247,0.997068732,0.995208642,0.992245064,0.98739243,0.978959966,0.963064714,0.929847099,0.85073207,0.634938601
0.157233077,0.127608265,0.842767296,0.723441628,1,0.999882762,0.999736422,0.999544671,0.99927672,0.998870778,0.998203621,0.99706921,0.99520392,0.99222556,0.987355426,0.978910128,0.963041576,0.930014036,0.851794395,0.639243173
0.163522308,0.132712593,0.836477987,0.71804281,1,0.999880451,0.999731692,0.999537651,0.999268177,0.998862956,0.998200577,0.997072039,0.995204295,0.992214046,0.987330695,0.978881088,0.963055253,0.930248047,0.853015039,0.643937451
0.169811538,0.137816924,0.830188679,0.712643991,1,0.999878143,0.999726973,0.999530656,0.999259674,0.998855218,0.998198047,0.997077098,0.995209794,0.99221073,0.987318798,0.978873312,0.963106027,0.930552224,0.85439119,0.649007384
0.176100769,0.142921255,0.823899371,0.707245173,1,0.999875836,0.999722264,0.999523679,0.999251197,0.998847527,0.998195855,0.997084058,0.995220089,0.992215255,0.98731861,0.978885678,0.963191838,0.930922726,0.855907861,0.654408005
0.18239,0.148025586,0.817610063,0.701846355,1,0.999873533,0.999717565,0.999516724,0.999242745,0.998839873,0.998193963,0.997092751,0.995235078,0.992227695,0.987330601,0.978918278,0.963311841,0.93135843,0.857556619,0.660122453
0.188679231,0.153129917,0.811320755,0.696447537,1,0.999871232,0.999712874,0.999509783,0.999234307,0.99883221,0.998192202,0.997102831,0.995254348,0.992247621,0.987353834,0.978969521,0.96346407,0.931853619,0.859246597,0.666105761
0.194968462,0.158234248,0.805031447,0.691048718,1,0.999868933,0.999708193,0.999502858,0.999225883,0.998824538,0.998190534,0.99711412,0.995277721,0.992275079,0.987388589,0.979039593,0.963648619,0.932406797,0.86102276,0.672338256
0.201257692,0.163338579,0.798742138,0.6856499,1,0.999866637,0.999703519,0.999495948,0.999217469,0.998816838,0.998188895,0.997126401,0.995304963,0.992309927,0.987434679,0.979127746,0.963864081,0.933015994,0.862897286,0.678796519
0.207546923,0.168442907,0.79245283,0.680251082,1,0.999864342,0.999698852,0.999489051,0.999209058,0.9988091,0.998187171,0.997139338,0.995335559,0.99235169,0.987491355,0.979232479,0.964107929,0.933674748,0.864862681,0.685437456
0.213836154,0.173547238,0.786163522,0.674852264,1,0.999862049,0.999694194,0.999482164,0.999200652,0.998801315,0.998185354,0.997152809,0.99536934,0.992400422,0.987558898,0.979353982,0.96438063,0.934383433,0.866917072,0.69224889
0.220126154,0.178651569,0.779874214,0.669453445,1,0.999859759,0.99968954,0.999475287,0.99919224,0.998793455,0.998183358,0.997166505,0.995405771,0.992455571,0.987636558,0.979490847,0.964678718,0.935135867,0.86905109,0.699194286
0.226415385,0.1837559,0.773584906,0.664054627,1,0.99985747,0.999684893,0.999468421,0.99918383,0.998785549,0.998181176,0.997180332,0.995444611,0.992517081,0.987724523,0.979642889,0.96500313,0.93593158,0.871258179,0.706190269
0.232704615,0.188860231,0.767295597,0.658655809,1,0.999855183,0.999680252,0.999461562,0.999175412,0.998777548,0.99817874,0.997194,0.995485277,0.992584286,0.987821763,0.979808889,0.965349931,0.936763735,0.873524285,0.713193746
0.238993846,0.193964561,0.761006289,0.653256991,1,0.999852898,0.999675618,0.999454711,0.999166986,0.998769483,0.998176051,0.997207434,0.99552748,0.992656972,0.987928464,0.979988754,0.965719122,0.937632425,0.875847536,0.720248747
0.245283077,0.199068892,0.754716981,0.647858172,1,0.999850614,0.999670988,0.999447867,0.999158557,0.998761333,0.99817311,0.997220511,0.995570863,0.992734773,0.988044345,0.980182202,0.966109391,0.938534745,0.878221373,0.727344967
0.251572308,0.204173221,0.748427673,0.642459358,1,0.999848333,0.999666363,0.999441029,0.999150115,0.998753108,0.99816985,0.997233046,0.995614883,0.992816939,0.988168658,0.980387828,0.966518114,0.939465638,0.880631746,0.734457112
0.257861538,0.209277552,0.742138365,0.63706054,1,0.999846052,0.999661743,0.999434197,0.999141665,0.998744798,0.998166309,0.997245009,0.995659277,0.992903199,0.988301308,0.980605727,0.966944731,0.94042426,0.883079591,0.741578626
0.264150769,0.214381883,0.735849057,0.631661721,1,0.999843774,0.999657128,0.999427368,0.999133201,0.998736395,0.998162449,0.997256269,0.995703569,0.992992823,0.988441546,0.980834867,0.967386804,0.941406208,0.885548982,0.748686087
0.27044,0.219486213,0.729559748,0.626262903,1,0.999841495,0.999652516,0.999420546,0.999124729,0.998727917,0.998158299,0.997266817,0.995747552,0.993085443,0.988589372,0.981075342,0.967844241,0.942410546,0.888044603,0.755771065
0.276729231,0.224590544,0.72327044,0.620864085,1,0.99983922,0.999647909,0.999413725,0.999116242,0.998719355,0.998153821,0.99727656,0.995790766,0.993180228,0.98874385,0.981325747,0.968314512,0.943432214,0.890551465,0.762806393
0.283019231,0.229694875,0.716981132,0.615465267,1,0.999836944,0.999643304,0.999406909,0.999107743,0.998710708,0.998149044,0.997285506,0.995833072,0.993276784,0.988904791,0.981586082,0.968797711,0.944470651,0.893068633,0.769787387
0.289308462,0.234799206,0.710691824,0.610066448,1,0.999834671,0.999638705,0.999400095,0.999099231,0.998701977,0.998143957,0.9972936,0.995874122,0.993374295,0.989071353,0.981855411,0.969291776,0.945521079,0.895590484,0.776698122
0.295597692,0.239903535,0.704402516,0.60466763,1,0.999832398,0.999634108,0.999393285,0.999090705,0.998693162,0.998138561,0.997300851,0.995913767,0.993472246,0.98924288,0.982133358,0.969796146,0.946581812,0.898108588,0.783525482
0.301886923,0.245007865,0.698113208,0.599268812,1,0.999830127,0.999629515,0.999386477,0.999082169,0.998684281,0.998132903,0.997307287,0.995951904,0.99357016,0.989419091,0.982419642,0.970310447,0.947651538,0.900623882,0.790266656
0.308176154,0.250112196,0.691823899,0.593869993,1,0.999827856,0.999624923,0.999379671,0.999073616,0.998675316,0.998126935,0.997312851,0.99598828,0.993667184,0.989598581,0.982712953,0.970832616,0.948725479,0.903125124,0.7969001
0.314465385,0.255216527,0.685534591,0.588471175,1,0.999825588,0.999620336,0.999372868,0.999065053,0.998666276,0.998120706,0.99731762,0.996022922,0.993763046,0.989781256,0.983013383,0.971363029,0.949804011,0.905615124,0.803431432
0.320754615,0.260320858,0.679245283,0.583072357,1,0.99982332,0.999615751,0.999366065,0.99905647,0.998657152,0.998114204,0.997321554,0.996055654,0.993856978,0.989965711,0.983319715,0.971899719,0.950883105,0.908084515,0.809839108
0.327043846,0.265425189,0.672955975,0.577673539,1,0.999821053,0.999611169,0.999359266,0.999047889,0.998647971,0.998107441,0.99732473,0.99608655,0.993948747,0.990151665,0.983631855,0.972442966,0.951962667,0.910533577,0.816131558
0.333333077,0.27052952,0.666666667,0.57227472,1,0.999818787,0.99960659,0.999352466,0.99903928,0.998638706,0.998100424,0.997327109,0.996115468,0.994037733,0.990337712,0.983948398,0.972990616,0.953040168,0.912953599,0.822289109
0.339622308,0.275633851,0.660377358,0.566875902,1,0.999816522,0.999602013,0.999345667,0.999030661,0.998629385,0.998093154,0.997328739,0.996142495,0.994123712,0.990523291,0.984269062,0.973542857,0.954114578,0.915346173,0.828313636
0.345912308,0.280738179,0.65408805,0.561477084,1,0.999814257,0.999597438,0.999338869,0.999022033,0.998619989,0.998085669,0.997329685,0.996167676,0.994206506,0.990707784,0.984593193,0.974099407,0.955186084,0.917707926,0.834207948
0.352201538,0.28584251,0.647798742,0.556078266,1,0.999811995,0.999592865,0.999332072,0.999013387,0.998610527,0.99807795,0.99732991,0.996190965,0.994285702,0.990889831,0.984919292,0.974658205,0.956251313,0.920033612,0.839956121
0.358490769,0.290946841,0.641509434,0.550679447,1,0.999809732,0.999588295,0.999325276,0.999004731,0.998601019,0.998070016,0.997329498,0.996212492,0.99436132,0.991069012,0.985246889,0.975219719,0.957311202,0.922322857,0.84556471
0.36478,0.296051172,0.635220126,0.545280629,1,0.99980747,0.999583726,0.99931848,0.998996065,0.998591435,0.998061865,0.99732843,0.99623223,0.994433098,0.99124422,0.985574486,0.975782358,0.95836341,0.924571727,0.851026223
0.371069231,0.301155503,0.628930818,0.539881811,1,0.999805209,0.99957916,0.999311685,0.998987381,0.998581796,0.998053528,0.997326772,0.996250311,0.994501156,0.991415092,0.985901802,0.976346215,0.959408779,0.926781906,0.856346281
0.377358462,0.306259834,0.622641509,0.534482993,1,0.99980295,0.999574595,0.99930489,0.998978688,0.9985721,0.998044975,0.997324514,0.996266733,0.994565317,0.991580623,0.98622687,0.97690951,0.9604445,0.928947963,0.861514577
0.383647692,0.311364164,0.616352201,0.529084174,1,0.99980069,0.999570032,0.999298094,0.998969985,0.998562348,0.998036244,0.997321685,0.996281581,0.994625693,0.99174045,0.986549033,0.977471961,0.961470946,0.931072614,0.866532986
0.389936923,0.316468493,0.610062893,0.523685356,1,0.999798432,0.999565471,0.9992913,0.998961273,0.998552549,0.998027345,0.99731835,0.996294977,0.994682435,0.9918943,0.98686745,0.978033476,0.962488586,0.933155951,0.871408066
0.396226154,0.321572824,0.603773585,0.518286538,1,0.999796174,0.99956091,0.999284505,0.998952542,0.998542694,0.998018267,0.997314491,0.996306902,0.994735476,0.992041489,0.987180433,0.978591806,0.963494797,0.935194417,0.876130448
0.402515385,0.326677155,0.597484277,0.51288772,1,0.999793916,0.999556353,0.999277711,0.998943811,0.998532792,0.99800903,0.997310153,0.996317498,0.994785079,0.992182064,0.987487327,0.97914695,0.964490797,0.937191194,0.88070669
0.408805385,0.331781486,0.591194969,0.507488901,1,0.99979166,0.999551795,0.999270914,0.998935052,0.998522834,0.997999625,0.997305338,0.996326762,0.994831217,0.992315586,0.987786633,0.979696942,0.965474525,0.939143287,0.885133982
0.415094615,0.336885816,0.58490566,0.502090083,1,0.999789404,0.99954724,0.99926412,0.998926302,0.998512838,0.997990079,0.997300092,0.996334828,0.994874169,0.992442287,0.988077882,0.980241501,0.966447105,0.941053786,0.88941888
0.421383846,0.341990147,0.578616352,0.496691269,1,0.999787149,0.999542686,0.999257323,0.998917524,0.998502796,0.997980383,0.997294406,0.996341676,0.994913936,0.992561878,0.988359576,0.980778472,0.967406289,0.942919975,0.893559513
0.427673077,0.347094478,0.572327044,0.49129245,1,0.999784894,0.999538133,0.999250528,0.998908747,0.998492707,0.997970547,0.997288335,0.996347447,0.994950798,0.992674725,0.988631341,0.98130748,0.968353108,0.944744757,0.897562437
0.433962308,0.352198807,0.566037736,0.485893632,1,0.99978264,0.999533581,0.999243731,0.998899959,0.99848258,0.99796057,0.997281862,0.996352131,0.994984767,0.992780713,0.988892144,0.981826464,0.9692855,0.94652626,0.901426715
0.440251538,0.357303138,0.559748428,0.480494814,1,0.999780386,0.999529031,0.999236935,0.998891154,0.998472406,0.997950462,0.997275023,0.996355812,0.995016065,0.992880164,0.989141706,0.982334488,0.970203652,0.948266169,0.905158905
0.446540769,0.362407468,0.553459119,0.475095996,1,0.999778133,0.999524482,0.999230138,0.998882348,0.998462195,0.997940241,0.997267848,0.996358557,0.995044862,0.992973403,0.98937984,0.98283052,0.971107659,0.94996617,0.908764253
0.45283,0.367511799,0.547169811,0.469697177,1,0.999775881,0.999519933,0.999223341,0.998873532,0.998451947,0.99792989,0.997260325,0.996360375,0.995071195,0.99306045,0.989605794,0.983312408,0.97199471,0.951623922,0.912241635
0.459119231,0.37261613,0.540880503,0.464298359,1,0.999773629,0.999515387,0.999216544,0.998864708,0.998441661,0.997919435,0.997252484,0.996361368,0.995095308,0.993141801,0.989820039,0.983779868,0.972865554,0.953243172,0.915600512
0.465408462,0.377720461,0.534591195,0.458899541,1,0.999771377,0.99951084,0.999209745,0.998855865,0.998431337,0.997908859,0.997244334,0.996361508,0.99511722,0.993217522,0.990022106,0.984230841,0.973717569,0.95482139,0.918839012
0.471698462,0.382824792,0.528301887,0.453500722,1,0.999769126,0.999506295,0.999202946,0.998847021,0.998420986,0.997898189,0.997235894,0.996360899,0.995137136,0.993288072,0.99021265,0.984664952,0.974551035,0.956361855,0.92196622
0.477987692,0.38792912,0.522012579,0.448101904,1,0.999766876,0.999501751,0.999196146,0.998838168,0.998410597,0.997887397,0.997227172,0.996359541,0.995155095,0.993353582,0.990391484,0.985080514,0.975363143,0.957862131,0.924980544
0.484276923,0.393033451,0.51572327,0.442703086,1,0.999764626,0.999497207,0.999189346,0.998829306,0.99840017,0.997876521,0.997218179,0.99635748,0.995171245,0.993414399,0.990559264,0.985477434,0.976153516,0.959324093,0.927888823
0.490566154,0.398137782,0.509433962,0.437304268,1,0.999762375,0.999492665,0.999182546,0.998820435,0.998389715,0.997865551,0.997208942,0.996354773,0.995185718,0.993470878,0.990716505,0.985855431,0.976921313,0.960749239,0.930696772
0.496855385,0.403242113,0.503144654,0.431905449,1,0.999760126,0.999488123,0.999175744,0.998811564,0.998379233,0.997854478,0.997199452,0.996351428,0.995198543,0.993523114,0.99086332,0.986213473,0.977663817,0.962134946,0.933403359
0.503144615,0.408346444,0.496855346,0.426506631,1,0.999757878,0.999483583,0.999168944,0.998802673,0.998368722,0.99784333,0.997189728,0.996347494,0.995209888,0.993571499,0.991000513,0.986552312,0.978380746,0.963483368,0.936016267
0.509433846,0.413450775,0.490566038,0.421107813,1,0.99975563,0.999479043,0.999162141,0.998793783,0.998358174,0.997832088,0.99717978,0.996342969,0.995219752,0.993616138,0.99112832,0.986871291,0.979069852,0.964791883,0.93853512
0.515723077,0.418555106,0.48427673,0.415708995,1,0.999753381,0.999474503,0.999155339,0.998784884,0.998347607,0.997820772,0.997169625,0.996337929,0.995228286,0.993657385,0.991247527,0.987171533,0.979731042,0.966061989,0.940966852
0.522012308,0.423659437,0.477987421,0.410310176,1,0.999751134,0.999469965,0.999148536,0.998775975,0.998337002,0.997809371,0.997159245,0.996332355,0.995235509,0.993695315,0.991358369,0.987452853,0.980362066,0.967290783,0.943310712
0.528301538,0.428763765,0.471698113,0.404911358,1,0.999748887,0.999465427,0.999141732,0.998767066,0.998326379,0.997797895,0.997148678,0.996326285,0.995241514,0.993730192,0.991461463,0.987716186,0.980962833,0.968478545,0.945571198
0.534591538,0.433868096,0.465408805,0.39951254,1,0.999746639,0.999460889,0.999134927,0.998758147,0.998315727,0.997786345,0.997137924,0.996319755,0.995246404,0.993762268,0.991557428,0.987962469,0.981533154,0.969625369,0.947753274
0.540880769,0.438972427,0.459119497,0.394113722,1,0.999744393,0.999456353,0.999128121,0.99874922,0.998305048,0.997774719,0.997126982,0.996312776,0.995250179,0.993791599,0.99164648,0.988192171,0.982072092,0.97072807,0.949854504
0.54717,0.444076758,0.452830189,0.388714903,1,0.999742146,0.999451817,0.999121317,0.998740283,0.998294359,0.997763037,0.997115871,0.996305385,0.995252952,0.993818457,0.991729274,0.988406416,0.982580396,0.971787397,0.95188154
0.553459231,0.449181089,0.446540881,0.383316085,1,0.999739901,0.999447282,0.99911451,0.998731346,0.998283633,0.997751281,0.997104583,0.996297563,0.995254723,0.993842879,0.991806025,0.988605766,0.983057787,0.972800541,0.953831572
0.559748462,0.454285419,0.440251572,0.377917267,1,0.999737655,0.999442747,0.999107704,0.998722399,0.998272888,0.997739468,0.997093145,0.996289375,0.995255594,0.993865128,0.991877306,0.988791439,0.983505668,0.973768062,0.955708909
0.566037692,0.45938975,0.433962264,0.372518449,1,0.99973541,0.999438213,0.999100896,0.998713444,0.998262124,0.99772758,0.997081547,0.996280794,0.995255566,0.993885223,0.991943303,0.988963996,0.983924135,0.97468762,0.957511489
0.572326923,0.464494079,0.427672956,0.36711963,1,0.999733165,0.99943368,0.999094088,0.998704488,0.998251332,0.997715645,0.997069791,0.996271866,0.995254695,0.993903331,0.992004439,0.989124376,0.984314778,0.975559307,0.959241
0.578616154,0.46959841,0.421383648,0.361720812,1,0.999730921,0.999429146,0.999087279,0.998695523,0.998240522,0.997703645,0.997057912,0.996262611,0.995253074,0.993919622,0.992061133,0.989273607,0.984679191,0.976383687,0.960899033
0.584905385,0.474702741,0.41509434,0.356321998,1,0.999728676,0.999424614,0.999080469,0.998686548,0.998229692,0.997691588,0.997045874,0.996253018,0.995250666,0.993934114,0.992113491,0.989412159,0.985017936,0.977159446,0.962483059
0.591194615,0.479807071,0.408805031,0.350923179,1,0.999726433,0.999420082,0.999073661,0.998677574,0.998218854,0.997679485,0.997033715,0.996243125,0.995247575,0.993946995,0.99216197,0.989541062,0.985333168,0.97788846,0.963995233
0.597484615,0.484911402,0.402515723,0.345524361,1,0.999724188,0.99941555,0.999066849,0.998668599,0.998207977,0.997667325,0.997021424,0.996232924,0.995243772,0.993958255,0.992206646,0.989660597,0.985625822,0.978570447,0.965432838
0.603773846,0.490015733,0.396226415,0.340125543,1,0.999721945,0.999411018,0.999060039,0.998659615,0.998197101,0.997655119,0.997009011,0.99622245,0.99523935,0.993968091,0.99224793,0.989771888,0.98589768,0.979207748,0.966797935
0.610063077,0.495120064,0.389937107,0.334726725,1,0.999719702,0.999406488,0.999053228,0.998650622,0.998186187,0.997642856,0.996996477,0.996211687,0.995234291,0.993976485,0.99228588,0.989875029,0.986149865,0.97980102,0.96808837
0.616352308,0.500224393,0.383647799,0.329327906,1,0.999717458,0.999401957,0.999046409,0.99864162,0.998175274,0.997630546,0.99698383,0.99620067,0.995228661,0.993983586,0.992320832,0.989970957,0.986384064,0.980353261,0.969306109
0.622641538,0.505328724,0.377358491,0.323929088,1,0.999715217,0.99939743,0.999039607,0.998632626,0.998164341,0.997618209,0.99697108,0.996189419,0.995222478,0.993989441,0.992352917,0.990060046,0.986601213,0.980865594,0.970450029
0.628930769,0.510433054,0.371069182,0.31853027,1,0.999712974,0.999392899,0.999032788,0.998623614,0.998153381,0.997605796,0.9969582,0.996177887,0.995215715,0.993994059,0.992382229,0.990142671,0.986802717,0.981340642,0.971521816
0.63522,0.515537385,0.364779874,0.313131452,1,0.99971073,0.999388368,0.999025968,0.998614602,0.998142402,0.997593356,0.996945225,0.99616613,0.995208473,0.993997582,0.992409078,0.990219489,0.986989983,0.981781217,0.972523905
0.641509231,0.520641716,0.358490566,0.307732633,1,0.99970849,0.999383843,0.999019167,0.9986056,0.998131422,0.997580887,0.996932175,0.996154186,0.995200754,0.994000074,0.992433565,0.990290685,0.987163758,0.982189003,0.973456953
0.647798462,0.525746047,0.352201258,0.302333815,1,0.999706247,0.999379313,0.999012347,0.998596569,0.998120415,0.997568353,0.996919004,0.996141998,0.995192557,0.994001516,0.992455786,0.990356823,0.987325168,0.982566625,0.974324612
0.654087692,0.530850378,0.34591195,0.296934997,1,0.999704008,0.999374788,0.999005536,0.998587557,0.998109408,0.9975558,0.996905758,0.996129623,0.995183929,0.994002031,0.992475918,0.990418183,0.987475149,0.98291605,0.97512885
0.660377692,0.535954706,0.339622642,0.291536178,1,0.999701765,0.999370259,0.998998716,0.998578526,0.998098372,0.9975432,0.996892408,0.996117033,0.995174852,0.994001601,0.992494045,0.990474953,0.98761445,0.983239712,0.975873789
0.666666923,0.541059037,0.333333333,0.28613736,1,0.999699522,0.999365729,0.998991896,0.998569486,0.998087318,0.997530553,0.996878956,0.996104236,0.995165352,0.99400028,0.992510242,0.990527507,0.987743821,0.983539018,0.976561865
0.672956154,0.546163368,0.327044025,0.280738542,1,0.999697283,0.999361206,0.998985086,0.998560456,0.998076273,0.997517888,0.996865457,0.99609129,0.995155497,0.993998172,0.992524734,0.99057622,0.987864199,0.983816497,0.977197574
0.679245385,0.551267699,0.320754717,0.275339724,1,0.999695041,0.999356678,0.998978257,0.998551416,0.998065191,0.997505175,0.996851845,0.996078146,0.995145249,0.993995258,0.992537531,0.99062128,0.98797624,0.984073741,0.977784663
0.685534615,0.55637203,0.314465409,0.269940905,1,0.9996928,0.999352149,0.998971437,0.998542366,0.998054099,0.997492416,0.996838159,0.996064816,0.995134616,0.993991567,0.992548698,0.990662752,0.988080224,0.984312061,0.978325943
0.691823846,0.561476361,0.308176101,0.264542087,1,0.999690562,0.999347626,0.998964626,0.998533326,0.998043017,0.997479657,0.996824425,0.996051364,0.995123703,0.993987239,0.992558468,0.990701179,0.988177183,0.984533426,0.978826004
0.698113077,0.566580692,0.301886792,0.259143269,1,0.99968832,0.999343099,0.998957807,0.998524267,0.998031897,0.997466842,0.996810579,0.996037714,0.995112395,0.993982143,0.992566703,0.990736412,0.988267209,0.984738678,0.979286814
0.704402308,0.571685022,0.295597484,0.253744451,1,0.999686082,0.999338578,0.998950987,0.998515218,0.998020787,0.997454017,0.996796696,0.996023953,0.995100826,0.993976476,0.992573701,0.990768937,0.988351052,0.984929503,0.979712774
0.710691538,0.576789351,0.289308176,0.248345632,1,0.999683841,0.99933405,0.998944167,0.99850615,0.998009649,0.997441136,0.996782719,0.996009995,0.995088901,0.993970105,0.992579312,0.990798625,0.988428899,0.985106651,0.980105853
0.716980769,0.581893682,0.283018868,0.242946814,1,0.9996816,0.999329523,0.998937338,0.998497082,0.997998491,0.997428227,0.996768667,0.995995905,0.995076675,0.993963136,0.992583706,0.990825782,0.98850122,0.985271245,0.980469048
0.723270769,0.586998013,0.27672956,0.237547996,1,0.999679362,0.999325003,0.998930527,0.998488032,0.997987343,0.997415318,0.996754587,0.995981713,0.995064225,0.993955679,0.992587041,0.990850692,0.988568669,0.985424692,0.980805451
0.72956,0.592102344,0.270440252,0.232149178,1,0.999677122,0.999320476,0.998923698,0.998478955,0.997976167,0.997402353,0.996740404,0.995967342,0.995051438,0.993947594,0.992589176,0.990873203,0.988631153,0.985567273,0.981116467
0.735849231,0.597206675,0.264150943,0.226750359,1,0.999674885,0.999315956,0.998916878,0.998469886,0.997965001,0.997389387,0.996726202,0.995952888,0.995038454,0.99393906,0.992590366,0.990893728,0.988689328,0.985700297,0.981405094
0.742138462,0.602311005,0.257861635,0.221351541,1,0.999672645,0.99931143,0.998910058,0.998460809,0.997953806,0.997376366,0.996711907,0.995938264,0.995025161,0.993929945,0.99259046,0.990912108,0.988743194,0.985823861,0.981672268
0.748427692,0.607415336,0.251572327,0.215952723,1,0.999670406,0.999306904,0.998903229,0.998451722,0.997942602,0.997363326,0.996697555,0.995923529,0.995011634,0.99392038,0.992589626,0.990928633,0.988793125,0.98593918,0.981920424
0.754716923,0.612519665,0.245283019,0.210553908,1,0.999668169,0.999302384,0.998896409,0.998442654,0.997931398,0.997350276,0.996683166,0.995908708,0.99499791,0.993910375,0.99258793,0.990943378,0.988839496,0.98604663,0.982150876
0.761006154,0.617623996,0.238993711,0.20515509,1,0.999665929,0.999297858,0.99888958,0.998433557,0.997920175,0.997337189,0.996668702,0.995893738,0.994983914,0.993899883,0.992585307,0.990956362,0.988882308,0.98614668,0.982365027
0.767295385,0.622728327,0.232704403,0.199756272,1,0.999663693,0.999293339,0.998882769,0.99842448,0.997908952,0.997324093,0.99665421,0.995878694,0.99496975,0.993889026,0.992581926,0.990967791,0.988921841,0.986240078,0.982564377
0.773584615,0.627832657,0.226415094,0.194357454,1,0.999661453,0.999288814,0.99887594,0.998415384,0.997897711,0.99731095,0.996639642,0.995863508,0.994955323,0.9938777,0.992577691,0.990977608,0.988958376,0.986327013,0.982749769
0.779873846,0.632936988,0.220125786,0.188958635,1,0.999659214,0.999284289,0.998869111,0.998406287,0.99788646,0.997297788,0.996625019,0.99584822,0.9949407,0.99386599,0.992572708,0.990985965,0.988991913,0.986408046,0.982922514
0.786163846,0.638041319,0.213836478,0.183559817,1,0.999656978,0.99927977,0.998862291,0.998397191,0.997875209,0.997284626,0.996610386,0.995832856,0.994925917,0.993853943,0.992567049,0.990993,0.989022827,0.986483645,0.983083549
0.792453077,0.64314565,0.20754717,0.178160999,1,0.999654739,0.999275244,0.998855462,0.998388085,0.997863939,0.997271417,0.996595669,0.99581738,0.99491091,0.993841484,0.992560642,0.99099864,0.989051118,0.986553905,0.983233717
0.798742308,0.648249979,0.201257862,0.172762181,1,0.9996525,0.999270719,0.998848632,0.99837898,0.99785266,0.997258189,0.996580905,0.995801792,0.994895715,0.993828678,0.992553569,0.991003014,0.98907688,0.986619387,0.983373674
0.805031538,0.653354309,0.194968553,0.167363362,1,0.999650265,0.9992662,0.998841803,0.998369884,0.997841391,0.997244962,0.996566123,0.995786157,0.99488038,0.993815581,0.992545925,0.991006265,0.989100487,0.986680372,0.983504544
0.811320769,0.65845864,0.188679245,0.161964544,1,0.999648026,0.999261677,0.998834974,0.998360769,0.997830093,0.997231697,0.996551275,0.9957704,0.994864838,0.99380211,0.992537615,0.991008289,0.989121846,0.986737048,0.983626515
0.81761,0.663562971,0.182389937,0.156565726,1,0.99964579,0.999257157,0.998828154,0.998351672,0.997818805,0.997218432,0.996536417,0.995754587,0.994849166,0.993788367,0.992528772,0.991009291,0.989141144,0.98678979,0.983740617
0.823899231,0.668667302,0.176100629,0.151166907,1,0.999643552,0.999252634,0.998821325,0.998342548,0.997807498,0.99720512,0.996521485,0.995738661,0.994833296,0.993774278,0.992519301,0.991009178,0.989158475,0.986838597,0.983847036
0.830188462,0.673771633,0.169811321,0.145768089,1,0.999641314,0.999248109,0.998814496,0.998333433,0.997796172,0.997191799,0.996506505,0.995722652,0.994817268,0.993759907,0.992509305,0.991008073,0.989173838,0.986883937,0.98394643
0.836477692,0.678875964,0.163522013,0.140369271,1,0.999639079,0.999243591,0.998807666,0.998324318,0.997784865,0.997178477,0.996491526,0.995706595,0.994801136,0.993745293,0.992498841,0.991006078,0.989187609,0.986926,0.98403936
0.842766923,0.683980292,0.157232704,0.134970453,1,0.999636841,0.999239067,0.998800837,0.998315193,0.997773529,0.997165109,0.996476472,0.995690435,0.994784808,0.993730361,0.992487815,0.991003108,0.9891996,0.986964783,0.984126108
0.849056923,0.689084623,0.150943396,0.129571634,1,0.999634607,0.999234548,0.998794008,0.998306078,0.997762204,0.99715176,0.996461408,0.995674229,0.994768386,0.993715213,0.992476368,0.990999323,0.989209999,0.987000568,0.98420714
0.855346154,0.694188954,0.144654088,0.124172816,1,0.999632369,0.999230024,0.998787179,0.998296954,0.997750859,0.997138364,0.996446288,0.995657919,0.994751786,0.993699765,0.992464405,0.99099463,0.989218898,0.987033544,0.98428274
0.861635385,0.699293285,0.13836478,0.118773998,1,0.999630132,0.9992255,0.99878035,0.99828782,0.997739505,0.997124949,0.996431121,0.995641544,0.994735045,0.993684074,0.992452002,0.99098914,0.989226205,0.987063802,0.98435328
0.867924615,0.704397616,0.132075472,0.11337518,1,0.999627897,0.999220983,0.99877352,0.998278705,0.99772816,0.997111543,0.996415955,0.995625122,0.99471822,0.993668186,0.992439224,0.990982939,0.989232294,0.987091625,0.984419137
0.874213846,0.709501947,0.125786164,0.107976361,1,0.99962566,0.999216459,0.998766691,0.998269562,0.997716788,0.9970981,0.996400732,0.995608606,0.994701236,0.993652026,0.992425968,0.990975941,0.989236978,0.987116918,0.984480497
0.880503077,0.714606278,0.119496855,0.102577543,1,0.999623425,0.999211941,0.998759862,0.998260438,0.997705434,0.997084657,0.996385499,0.995592062,0.994684158,0.993635689,0.992412375,0.990968297,0.989240445,0.987140057,0.984537641
0.886792308,0.719710606,0.113207547,0.097178725,1,0.999621188,0.999207417,0.998753033,0.998251304,0.997694052,0.997071186,0.996370202,0.995575425,0.994666931,0.993619098,0.992398351,0.990959894,0.989242599,0.987160948,0.984590758
0.893081538,0.724814937,0.106918239,0.091779907,1,0.999618951,0.999202895,0.998746194,0.998242161,0.99768266,0.997057696,0.996354876,0.995558713,0.994649581,0.993602292,0.992383943,0.990950844,0.98924363,0.987179684,0.984640127
0.899370769,0.729919268,0.100628931,0.086381088,1,0.999616717,0.999198376,0.998739365,0.998233027,0.997671288,0.997044216,0.99633955,0.995541981,0.994632166,0.993585326,0.992369236,0.990941233,0.98924363,0.98719664,0.984686123
0.90566,0.735023599,0.094339623,0.08098227,1,0.999614481,0.999193854,0.998732536,0.998223884,0.997659887,0.997030698,0.996324167,0.995525166,0.994614601,0.993568127,0.992354135,0.990930947,0.989242505,0.987211535,0.98472856
0.91195,0.74012793,0.088050314,0.075583452,1,0.999612244,0.99918933,0.998725697,0.998214732,0.997648486,0.997017161,0.996308757,0.995508285,0.994596934,0.993550731,0.992338687,0.99092008,0.989240351,0.987224743,0.984767906
0.918239231,0.74523226,0.081761006,0.070184637,1,0.99961001,0.999184812,0.998718877,0.998205598,0.997637085,0.997003643,0.996293338,0.995491385,0.9945792,0.993533203,0.992322986,0.990908717,0.989237259,0.987236266,0.984804347
0.924528462,0.750336591,0.075471698,0.064785819,1,0.999607773,0.99918029,0.998712038,0.998196445,0.997625675,0.996990088,0.996277871,0.995474401,0.994561335,0.993515451,0.992306911,0.990896744,0.989233231,0.987246102,0.98483779
0.930817692,0.755440922,0.06918239,0.059387001,1,0.99960554,0.999175772,0.998705209,0.998187302,0.997614265,0.996976533,0.996262395,0.995457389,0.994543405,0.993497567,0.992290582,0.990884313,0.98922836,0.98725444,0.984868611
0.937106923,0.760545251,0.062893082,0.053988183,1,0.999603304,0.999171249,0.998698371,0.99817815,0.997602836,0.996962949,0.996246882,0.995440302,0.994525344,0.993479478,0.992273917,0.99087132,0.989222458,0.987261278,0.984896809
0.943396154,0.765649582,0.056603774,0.048589364,1,0.999601068,0.999166726,0.998691532,0.998168997,0.997591407,0.996949356,0.996231331,0.995423158,0.994507189,0.99346122,0.992256961,0.990857839,0.989215807,0.987266712,0.984922477
0.949685385,0.770753912,0.050314465,0.043190546,1,0.999598835,0.999162209,0.998684703,0.998159854,0.997579988,0.996935763,0.99621578,0.995405996,0.994488987,0.993442849,0.992239789,0.990843956,0.989208406,0.987270834,0.98494599
0.955974615,0.775858243,0.044025157,0.037791728,1,0.999596598,0.999157686,0.998677864,0.998150692,0.997568549,0.996922152,0.996200183,0.995388759,0.994470654,0.993424282,0.9922223,0.990829557,0.989200256,0.98727355,0.984967162
0.962263846,0.780962574,0.037735849,0.03239291,1,0.999594365,0.999153169,0.998671035,0.998141549,0.99755712,0.99690854,0.996184585,0.995371504,0.994452283,0.993405612,0.992204603,0.990814775,0.989191356,0.987275143,0.984986366
0.968553077,0.786066905,0.031446541,0.026994091,1,0.999592129,0.999148646,0.998664196,0.998132387,0.997545663,0.996894891,0.996168941,0.995354182,0.994433781,0.993386754,0.992186608,0.990799514,0.989181707,0.987275424,0.985003416
0.974843077,0.791171236,0.025157233,0.021595273,1,0.999589894,0.999144123,0.998657358,0.998123226,0.997534206,0.996881242,0.996153268,0.995336805,0.994415205,0.993367746,0.992168368,0.990783851,0.989171309,0.987274581,0.985018592
0.981132308,0.796275564,0.018867925,0.016196455,1,0.99958766,0.999139606,0.998650519,0.998114073,0.997522768,0.996867593,0.996137605,0.995319418,0.994396591,0.993348655,0.992149951,0.990767851,0.989160349,0.987272707,0.985031988
0.987421538,0.801379895,0.012578616,0.010797637,1,0.999585425,0.999135083,0.998643681,0.998104902,0.997511302,0.996853925,0.996121895,0.995301965,0.994377855,0.993329385,0.992131243,0.990751401,0.989148732,0.98726971,0.985043511
0.993710769,0.806484226,0.006289308,0.005398818,1,0.999583192,0.999130566,0.998636851,0.998095749,0.997499854,0.996840257,0.996106185,0.995284494,0.994359091,0.993310021,0.992112376,0.990734651,0.989136554,0.987265775,0.985053441
1,0.811588557,0,0,1,0.999580957,0.999126044,0.998630003,0.998086587,0.997488378,0.996826561,0.996090428,0.995266957,0.994340205,0.993290498,0.992093247,0.990717479,0.98912372,0.98726081,0.985061684
0.500153846,0.330882336,0.28,0.556873377,1,0.999757528,0.999475185,0.999139609,0.998730446,0.998215078,0.997537972,0.996597618,0.99519577,0.992938132,0.989131964,0.982857969,0.972940966,0.9571823,0.930886004,0.883762514
0.50068435,0.332481525,0.27862069,0.554406676,1,0.99975736,0.999475002,0.999139696,0.998731327,0.998217748,0.997544371,0.996611763,0.995226001,0.993000233,0.989246253,0.983037739,0.973204018,0.957585028,0.931565649,0.885030934
0.501214854,0.334080714,0.277241379,0.551939974,1,0.999757192,0.99947482,0.999139778,0.998732189,0.998220362,0.997550666,0.996625637,0.995255641,0.993061349,0.989359698,0.983217604,0.973467726,0.957988224,0.932243139,0.886292797
0.501745358,0.335679904,0.275862069,0.549473273,1,0.999757024,0.999474634,0.999139854,0.998733032,0.998222938,0.997556849,0.996639286,0.995284803,0.993121641,0.989472489,0.983398031,0.973732839,0.958392826,0.93292194,0.887551849
0.502275862,0.337279093,0.274482759,0.547006572,1,0.999756856,0.999474449,0.999139924,0.998733866,0.998225477,0.997562938,0.996652701,0.995313441,0.993181006,0.989584529,0.983578551,0.973998982,0.95879827,0.933599711,0.888807154
0.502806366,0.338878282,0.273103448,0.54453987,1,0.999756688,0.999474261,0.999139989,0.998734671,0.998227959,0.997568915,0.996665854,0.995341526,0.99323934,0.989695446,0.983758978,0.974265688,0.959203902,0.934275702,0.890054964
0.50333687,0.340477472,0.271724138,0.542073169,1,0.999756521,0.999474073,0.999140048,0.998735468,0.998230414,0.997574798,0.996678791,0.995369124,0.993296822,0.989805519,0.983939685,0.974533611,0.959610846,0.934951693,0.891298091
0.503867374,0.342076661,0.270344828,0.539606467,1,0.999756353,0.999473884,0.999140101,0.998736255,0.998232821,0.997580587,0.996691503,0.995396226,0.993353329,0.989914562,0.984120206,0.974802377,0.960018445,0.935626654,0.892538407
0.504397878,0.34367585,0.268965517,0.537139766,1,0.999756186,0.999473694,0.99914015,0.998737013,0.998235182,0.997586264,0.996703972,0.995422774,0.993408806,0.990022387,0.984300351,0.975071425,0.960425951,0.936299553,0.893770292
0.504928382,0.345275039,0.267586207,0.534673065,1,0.999756018,0.999473503,0.999140193,0.998737763,0.998237514,0.997591857,0.996716235,0.995448873,0.993463393,0.990129182,0.984480403,0.975341596,0.960834675,0.936971984,0.89499843
0.505458886,0.346874229,0.266206897,0.532206363,1,0.999755851,0.99947331,0.99914023,0.998738494,0.9982398,0.997597356,0.996728282,0.995474476,0.993517015,0.990234665,0.984659987,0.97561233,0.961243867,0.937643947,0.896220947
0.50598939,0.348473418,0.264827586,0.529739662,1,0.999755684,0.999473116,0.999140262,0.998739205,0.998242039,0.997602752,0.996740095,0.995499563,0.993569588,0.990338836,0.984838821,0.975883157,0.961652871,0.938313193,0.897435969
0.506519894,0.350072607,0.263448276,0.52727296,1,0.999755516,0.99947292,0.99914029,0.998739908,0.99824425,0.997608063,0.996751711,0.99552421,0.993621271,0.990441696,0.985017374,0.976154828,0.962062813,0.938982065,0.898646308
0.507050398,0.351671796,0.262068966,0.524806259,1,0.99975535,0.999472724,0.999140312,0.998740601,0.998246423,0.997613281,0.996763121,0.995548389,0.993671989,0.990543245,0.985195084,0.976426873,0.962473129,0.939649531,0.899849153
0.507580902,0.353270986,0.260689655,0.522339558,1,0.999755183,0.999472527,0.999140329,0.998741266,0.99824855,0.997618406,0.996774316,0.995572071,0.993721677,0.990643229,0.985371763,0.976698824,0.96288307,0.940314562,0.901044503
0.508111406,0.354870175,0.259310345,0.519872856,1,0.999755015,0.999472328,0.999140341,0.998741922,0.998250648,0.997623455,0.996785323,0.995595332,0.993770475,0.990741873,0.985547694,0.976971338,0.963293854,0.940978936,0.902236106
0.50864191,0.356469364,0.257931034,0.517406155,1,0.999754848,0.999472129,0.999140348,0.998742569,0.9982527,0.997628411,0.996796115,0.995618115,0.99381827,0.990838888,0.985722218,0.977243571,0.963704077,0.941640688,0.90341834
0.509172414,0.358068554,0.256551724,0.514939454,1,0.999754682,0.999471928,0.99914035,0.998743196,0.998254723,0.997633282,0.996806729,0.995640485,0.993865194,0.990934497,0.9858959,0.977516178,0.964115049,0.942301784,0.904594955
0.509702918,0.359667743,0.255172414,0.512472752,1,0.999754515,0.999471726,0.999140347,0.998743805,0.998256719,0.997638078,0.996817156,0.995662425,0.993911181,0.991028561,0.986068364,0.977788598,0.964526021,0.942961194,0.905765011
0.510233422,0.361266932,0.253793103,0.510006051,1,0.999754348,0.999471523,0.999140339,0.998744405,0.998258667,0.997642781,0.996827376,0.995683915,0.993956185,0.991120901,0.986239048,0.978060456,0.96493643,0.943617793,0.906926449
0.510763926,0.362866121,0.252413793,0.507539349,1,0.999754181,0.999471319,0.999140326,0.998744986,0.998260588,0.997647409,0.996837428,0.995705021,0.994000355,0.99121177,0.986408514,0.978332313,0.965347308,0.94427355,0.908081892
0.51129443,0.364465311,0.251034483,0.505072648,1,0.999754014,0.999471114,0.999140309,0.998745557,0.998262471,0.997651962,0.996847311,0.995725715,0.994043625,0.991301027,0.986576388,0.978603703,0.965757906,0.944927432,0.909230121
0.511824934,0.3660645,0.249655172,0.502605947,1,0.999753848,0.999470908,0.999140287,0.998746119,0.998264316,0.99765643,0.996856988,0.995745978,0.99408595,0.991388524,0.986742388,0.978874062,0.966167847,0.945578411,0.910369544
0.512355438,0.367663689,0.248275862,0.500139245,1,0.99975368,0.9994707,0.99914026,0.998746662,0.998266134,0.997660824,0.996866515,0.995765875,0.994127459,0.991474522,0.986906702,0.97914414,0.966577976,0.946228359,0.91150316
0.512885942,0.369262878,0.246896552,0.497672544,1,0.999753513,0.999470491,0.999140229,0.998747196,0.998267923,0.997665152,0.996875874,0.995785389,0.994168116,0.991558871,0.987069142,0.979413374,0.96698773,0.94687634,0.912629374
0.513416446,0.370862068,0.245517241,0.495205843,1,0.999753348,0.999470282,0.999140192,0.998747712,0.998269675,0.997669395,0.996885045,0.995804499,0.994207873,0.991641449,0.987229427,0.979681298,0.967396547,0.947521323,0.913746315
0.51394695,0.372461257,0.244137931,0.492739141,1,0.99975318,0.99947007,0.999140152,0.998748217,0.998271389,0.997673573,0.996894076,0.995823263,0.994246853,0.99172252,0.987387839,0.979948472,0.967805364,0.948165089,0.914857447
0.514477454,0.374060446,0.242758621,0.49027244,1,0.999753013,0.999469859,0.999140107,0.998748705,0.998273085,0.997677677,0.996902938,0.995841671,0.994285018,0.99180195,0.987544003,0.980214334,0.968213713,0.948806793,0.915961178
0.515007958,0.375659636,0.24137931,0.487805738,1,0.999752847,0.999469646,0.999140057,0.998749182,0.998274743,0.997681705,0.996911631,0.995859686,0.99432234,0.991879639,0.987697825,0.98047851,0.96862075,0.949445312,0.917055729
0.515538462,0.377258825,0.24,0.485339037,1,0.99975268,0.999469431,0.999140003,0.998749651,0.998276373,0.997685667,0.996920184,0.995877382,0.994358922,0.991955819,0.987849492,0.980741562,0.969027506,0.950082614,0.918144285
0.516051282,0.378804708,0.238666667,0.482954559,1,0.999752519,0.999469223,0.999139947,0.998750091,0.998277918,0.997689433,0.996928306,0.995894169,0.994393546,0.992027933,0.987993852,0.980994122,0.969420117,0.950696495,0.919189373
0.516564103,0.380350591,0.237333333,0.480570081,1,0.999752357,0.999469014,0.999139886,0.998750522,0.998279436,0.997693134,0.996936269,0.995910619,0.994427421,0.992098455,0.988135776,0.981244714,0.969811135,0.951307285,0.920225936
0.517076923,0.381896474,0.236,0.478185603,1,0.999752196,0.999468805,0.999139821,0.998750944,0.998280926,0.997696787,0.996944119,0.995926779,0.994460658,0.992167619,0.98827564,0.981493902,0.970201685,0.951916764,0.921256879
0.517589744,0.383442357,0.234666667,0.475801125,1,0.999752035,0.999468594,0.999139753,0.998751346,0.998282396,0.997700366,0.996951829,0.995942639,0.994493212,0.992235321,0.988413067,0.981741028,0.970591391,0.952524088,0.922280795
0.518102564,0.38498824,0.233333333,0.473416647,1,0.999751874,0.999468382,0.999139681,0.99875174,0.99828383,0.997703888,0.996959399,0.99595819,0.994525053,0.992301487,0.988547966,0.981985813,0.970979412,0.953128227,0.923296093
0.518615385,0.386534123,0.232,0.471032169,1,0.999751713,0.999468169,0.999139604,0.998752124,0.998285244,0.997707354,0.996966856,0.995973469,0.994556295,0.992366332,0.988680616,0.98222863,0.971366589,0.953730961,0.924305958
0.519128205,0.388080006,0.230666667,0.468647691,1,0.999751552,0.999467955,0.999139524,0.998752499,0.998286631,0.997710764,0.996974181,0.995988467,0.994586891,0.99242979,0.988810737,0.982469105,0.971752548,0.954331352,0.925308703
0.519641026,0.389625889,0.229333333,0.466263213,1,0.999751391,0.99946774,0.99913944,0.998752864,0.998287989,0.997714109,0.996981366,0.996003165,0.994616822,0.992491769,0.988938328,0.98270677,0.972136353,0.954928559,0.926302923
0.520153846,0.391171772,0.228,0.463878735,1,0.999751229,0.999467525,0.999139352,0.99875322,0.998289329,0.997717406,0.996988439,0.99601762,0.99464619,0.992552492,0.989063578,0.982942186,0.972519128,0.955524173,0.92729171
0.520666667,0.392717655,0.226666667,0.461494257,1,0.999751067,0.999467308,0.999139261,0.998753557,0.99829064,0.997720657,0.9969954,0.996031803,0.994674959,0.992611884,0.989186391,0.983174793,0.972900122,0.956117258,0.928273471
0.521179487,0.394263537,0.225333333,0.459109779,1,0.999750906,0.99946709,0.999139165,0.998753894,0.998291933,0.997723842,0.997002229,0.996045715,0.9947031,0.992669891,0.989306489,0.983404307,0.973278774,0.956707064,0.929246801
0.521692308,0.39580942,0.224,0.456725301,1,0.999750744,0.999466871,0.999139066,0.998754213,0.998293198,0.997726971,0.997008955,0.996059382,0.994730708,0.992726689,0.989424244,0.983631105,0.973655834,0.95729509,0.930214603
0.522205128,0.397355303,0.222666667,0.454340823,1,0.999750583,0.999466652,0.999138964,0.998754522,0.998294443,0.997730053,0.997015569,0.996072807,0.994757753,0.99278224,0.989539563,0.983854812,0.974030833,0.957880586,0.931175567
0.522717949,0.398901186,0.221333333,0.451956345,1,0.999750422,0.999466432,0.999138858,0.998754831,0.998295661,0.997733088,0.997022051,0.996085969,0.994784218,0.992836471,0.989652259,0.984074959,0.974402834,0.958462523,0.932128194
0.523230769,0.400447069,0.22,0.449571867,1,0.99975026,0.99946621,0.999138748,0.998755122,0.998296851,0.997736067,0.99702844,0.996098906,0.994810185,0.992889588,0.989762708,0.984292201,0.974773056,0.95904268,0.933075293
0.52374359,0.401992952,0.218666667,0.447187389,1,0.999750099,0.999465988,0.999138635,0.998755403,0.998298031,0.997738999,0.997034726,0.996111609,0.994835638,0.992941514,0.989870626,0.984505978,0.97514056,0.959619933,0.934015554
0.52425641,0.403538835,0.217333333,0.444802911,1,0.999749938,0.999465765,0.999138518,0.998755674,0.998299174,0.997741875,0.99704089,0.996124068,0.994860529,0.992992214,0.989976016,0.984716007,0.975504786,0.960193532,0.934947665
0.524769231,0.405084718,0.216,0.442418433,1,0.999749776,0.999465541,0.999138398,0.998755946,0.998300308,0.997744714,0.99704697,0.996136321,0.99488497,0.993041854,0.99007925,0.984922851,0.975866576,0.960765165,0.935874342
0.525282051,0.406630601,0.214666667,0.440033955,1,0.999749614,0.999465315,0.999138274,0.998756199,0.998301413,0.997747505,0.997052938,0.99614835,0.994908914,0.99309039,0.99018005,0.985125949,0.976225275,0.961333705,0.936794181
0.525794872,0.408176484,0.213333333,0.437649477,1,0.999749452,0.999465089,0.999138147,0.998756443,0.9983025,0.997750241,0.997058802,0.996160153,0.994932344,0.993137773,0.990278413,0.985325111,0.976580133,0.961898405,0.937705963
0.526307692,0.409722367,0.212,0.435264999,1,0.99974929,0.999464863,0.999138017,0.998756686,0.998303568,0.997752939,0.997064573,0.99617176,0.994955351,0.993184172,0.990374622,0.985520807,0.976932086,0.962460763,0.938612312
0.526820513,0.41126825,0.210666667,0.432880521,1,0.999749128,0.999464635,0.999137884,0.998756911,0.998304608,0.99775559,0.997070259,0.996183152,0.9949779,0.993229541,0.990468489,0.985712757,0.977280387,0.963020029,0.93951201
0.527333333,0.412814133,0.209333333,0.430496043,1,0.999748967,0.999464406,0.999137747,0.998757126,0.998305629,0.997758185,0.997075833,0.996194337,0.994999971,0.993273833,0.990560107,0.985900584,0.977624378,0.963574987,0.940403651
0.527846154,0.414360016,0.208,0.428111565,1,0.999748805,0.999464177,0.999137606,0.998757342,0.998306641,0.997760752,0.997081322,0.996205335,0.995021639,0.993317216,0.990649665,0.986084758,0.977964903,0.964127227,0.941289952
0.528358974,0.415905899,0.206666667,0.425727087,1,0.999748643,0.999463946,0.999137463,0.998757548,0.998307624,0.997763272,0.997086718,0.996216136,0.995042885,0.993359634,0.990737086,0.986265185,0.978301305,0.964676095,0.942169602
0.528871795,0.417451782,0.205333333,0.423342609,1,0.999748481,0.999463716,0.999137316,0.998757735,0.998308589,0.997765745,0.997092021,0.996226731,0.995063682,0.993401059,0.990822279,0.986441396,0.978632931,0.965220373,0.943041384
0.529384615,0.418997665,0.204,0.420958131,1,0.999748319,0.999463484,0.999137166,0.998757923,0.998309535,0.99776818,0.997097248,0.996237167,0.995084104,0.993441631,0.99090555,0.986613953,0.978960622,0.965761653,0.943907731
0.529897436,0.420543548,0.202666667,0.418573653,1,0.999748157,0.99946325,0.999137013,0.998758101,0.998310463,0.997770569,0.997102382,0.996247407,0.995104133,0.993481314,0.990986817,0.98678267,0.979283535,0.966298998,0.944767522
0.530410256,0.422089431,0.201333333,0.416189175,1,0.999747995,0.999463017,0.999136858,0.998758269,0.998311362,0.99777292,0.997107422,0.996257458,0.99512374,0.993520069,0.991065995,0.986947265,0.979601295,0.966831285,0.945619443
0.530923077,0.423635314,0.2,0.413804697,1,0.999747833,0.999462782,0.999136699,0.998758429,0.998312252,0.997775234,0.997112396,0.996267351,0.99514301,0.993558038,0.991143384,0.9871083,0.97991456,0.967360106,0.946466024
0.140787077,0.652173782,0.6293037,0.999998748,1,0.999877093,0.999615624,0.999089312,0.998013265,0.996117098,0.9930191,0.988184677,0.980810416,0.969599045,0.952310499,0.924820258,0.879020459,0.797773192,0.641675092,0.310584679
0.140787077,0.669564965,0.6293037,0.999998748,1,0.999876363,0.999611071,0.999074467,0.997976064,0.996039185,0.992873419,0.987932117,0.980393543,0.968931298,0.951254544,0.923145457,0.876312186,0.793230675,0.633607416,0.295045129
0.140787077,0.930432716,0.6293037,0.999998748,1,0.999866072,0.99954332,0.99885149,0.997417847,0.99487029,0.990688139,0.984143157,0.974141188,0.958915557,0.935415313,0.89802334,0.835698389,0.725106964,0.512622255,0.06208115
0.140787077,0.947823899,0.6293037,0.999998748,1,0.999865425,0.999538831,0.998836595,0.997380619,0.994792358,0.990542495,0.983890597,0.973724408,0.95824781,0.934359358,0.896348351,0.832991052,0.72056632,0.504558326,0.046558462
0.140787077,0.965215083,0.6293037,0.999998748,1,0.99986478,0.999534343,0.9988217,0.997343381,0.994714426,0.99039673,0.983637944,0.973307534,0.957580156,0.933303496,0.894674299,0.830283715,0.716025677,0.496495334,0.031035774
0.140787077,0.982606266,0.6293037,0.999998748,1,0.99986414,0.999529858,0.998806795,0.997306144,0.994636485,0.990251059,0.983385384,0.972890754,0.956912409,0.932247541,0.89299931,0.827576379,0.711484096,0.488432342,0.015513086
0.140787077,0.999997449,0.6293037,0.999998748,1,0.999863505,0.999525375,0.998791891,0.997268916,0.994558544,0.990105387,0.983132824,0.972473974,0.956244755,0.93119168,0.891324321,0.824869042,0.706943452,0.48036935,-2.34E-07
0.318017692,0.814990831,0.40763263,0.794001949,1,0.999816409,0.999568273,0.999197582,0.998558685,0.997293806,0.994883499,0.990998152,0.985214663,0.97674276,0.964071956,0.944324699,0.91070398,0.851533966,0.740264303,0.512034884
0.321380769,0.824110941,0.41063263,0.796848601,1,0.999814926,0.999563887,0.999186634,0.998530947,0.997226807,0.994759336,0.99080699,0.984933718,0.976332163,0.963456388,0.943338535,0.908982433,0.848565264,0.734823399,0.501160572
0.324743077,0.83323105,0.41363263,0.799695252,1,0.999813438,0.999559454,0.999175457,0.998502403,0.997158299,0.994634312,0.990615565,0.984653242,0.97592269,0.962842038,0.942306374,0.907253297,0.845583446,0.729354392,0.490215999
0.328106154,0.84235116,0.41663263,0.802541904,1,0.999811946,0.99955497,0.999164048,0.998473043,0.997088386,0.994508584,0.990424085,0.984373609,0.975514435,0.962229281,0.941257539,0.905517697,0.84258945,0.723859154,0.479207725
0.331469231,0.851471269,0.41963263,0.805388555,1,0.999810449,0.999550432,0.999152387,0.998442822,0.997017021,0.994382145,0.99023251,0.984094631,0.975107117,0.961618116,0.940204676,0.903774322,0.839582339,0.718336749,0.468135748
0.334831538,0.860591378,0.42263263,0.808235207,1,0.999808946,0.999545842,0.999140472,0.998411749,0.996944344,0.994255191,0.990041029,0.983816591,0.974701485,0.961009106,0.93914844,0.902025327,0.836563987,0.712793735,0.457010374
0.338194615,0.869711488,0.42563263,0.811081858,1,0.999807438,0.999541194,0.999128293,0.998379785,0.996870412,0.994127834,0.989849642,0.983539955,0.974297539,0.960402157,0.938088737,0.90027071,0.833536266,0.707230111,0.44583535
0.341557692,0.878831597,0.42863263,0.81392851,1,0.999805924,0.999536491,0.99911584,0.998346932,0.996795319,0.994000186,0.989658817,0.983264537,0.973895466,0.959797737,0.937025944,0.898510473,0.830500115,0.701648688,0.434613487
0.34492,0.887951707,0.43163263,0.816775161,1,0.999804406,0.999531728,0.999103105,0.998313189,0.996719158,0.99387236,0.989468273,0.982990431,0.973495549,0.95919594,0.93596034,0.896746489,0.827456469,0.69605134,0.423353214
0.348283077,0.897071816,0.43463263,0.819621813,1,0.999802882,0.999526904,0.999090076,0.998278537,0.996642013,0.99374446,0.989278478,0.982718105,0.973097786,0.958595642,0.934892113,0.89497782,0.824405329,0.690440877,0.412057344
0.351646154,0.906191926,0.43763263,0.822468464,1,0.999801351,0.999522015,0.999076747,0.998242976,0.996563987,0.993616606,0.989089527,0.982447371,0.972702552,0.95799525,0.933821638,0.893206341,0.821349504,0.684819172,0.400732433
0.355008462,0.915312035,0.44063263,0.825315116,1,0.999799815,0.999517065,0.999063112,0.998206507,0.996485184,0.993488902,0.988901606,0.982178605,0.972310129,0.957386146,0.932749101,0.891432052,0.818288996,0.679189036,0.389384102
0.358371538,0.924432144,0.44363263,0.828161767,1,0.999798274,0.999512047,0.999049153,0.998169175,0.996405772,0.993361526,0.988714809,0.9819119,0.971920703,0.956744161,0.931675066,0.88965589,0.815226614,0.673552342,0.378017972
0.361733846,0.933552254,0.44663263,0.831008419,1,0.999796728,0.999506959,0.999034867,0.998130935,0.996325751,0.993234441,0.98852923,0.981647349,0.971534275,0.956078193,0.930599251,0.887876916,0.812160485,0.667911901,0.366638727
0.365096923,0.942672363,0.44963263,0.83385507,1,0.999795175,0.9995018,0.999020244,0.998091834,0.99624528,0.993107814,0.98834515,0.981385046,0.97115122,0.955411383,0.929522218,0.886097006,0.809093419,0.662270523,0.355253861
0.36846,0.951792473,0.45263263,0.836701721,1,0.999793615,0.999496568,0.999005265,0.998051879,0.996164472,0.992981759,0.988162662,0.981125273,0.970771631,0.954743729,0.928444249,0.88431616,0.806026353,0.656630082,0.343868058
0.371822308,0.960912582,0.45563263,0.839548373,1,0.99979205,0.999491262,0.998989939,0.998011129,0.996083439,0.992856378,0.987981955,0.980868029,0.970395882,0.95407542,0.927365623,0.88253625,0.802961161,0.650992452,0.332486939
0.375185385,0.970032692,0.45863263,0.842395024,1,0.999790478,0.999485879,0.998974247,0.997969591,0.996002304,0.992731747,0.98780312,0.980613502,0.970023694,0.953406549,0.926286342,0.880755403,0.799897843,0.645360442,0.321115189
0.378548462,0.979152801,0.46163263,0.845241676,1,0.999788902,0.999480415,0.998958191,0.997927332,0.995921196,0.992608006,0.987626254,0.980361879,0.969655721,0.95273749,0.925207155,0.878975493,0.796837334,0.639736864,0.30976311
0.381910769,0.98827291,0.46463263,0.848088327,1,0.999787319,0.999474871,0.998941769,0.99788439,0.99584021,0.99248522,0.987451541,0.980113441,0.96929112,0.952068056,0.924128061,0.877197457,0.793782447,0.634124527,0.298433515
0.385273846,0.99739302,0.46763263,0.850934979,1,0.999785729,0.999469244,0.998924963,0.997840819,0.99575943,0.992363503,0.987279077,0.979868095,0.9689283,0.951398529,0.923049248,0.875421294,0.790732243,0.628526242,0.287133898
